ReviewId,Reviewerid,CommentIndex,NumOfCurrent,NumOfincurrent,CurrentPar,IncurrentPar,ScoreOfReliability,VotingScore,Status
75133,4190, 1,  2,  0,1.000000,0.000000,1.000000,-1,abandoned
75149,3, 1,4511,1079,0.806977,0.193023,0.806977,1,abandoned
75167,3, 1,4512,1079,0.807011,0.192989,0.807011,-1,abandoned
75192,10378, 1,  1,  0,1.000000,0.000000,1.000000,-1,abandoned
75200,3, 1,4513,1079,0.807046,0.192954,0.807046,-1,abandoned
75216,3, 1,4514,1079,0.807080,0.192920,0.807080,-1,abandoned
75241,3, 1,4514,1080,0.806936,0.193064,0.806936,1,abandoned
75246,10193, 1,  1,  0,1.000000,0.000000,1.000000,-1,abandoned
75270,9100, 1,  0,  1,0.000000,1.000000,0.000000,1,abandoned
75316,3, 1,4515,1080,0.806971,0.193029,0.806971,-1,abandoned
75329,3, 1,4515,1081,0.806826,0.193174,0.806826,1,abandoned
75393,3, 1,4515,1082,0.806682,0.193318,0.806682,1,abandoned
75418,3, 1,4515,1083,0.806538,0.193462,0.806538,1,abandoned
75496,3, 1,4515,1084,0.806394,0.193606,0.806394,1,abandoned
75545,3, 1,4516,1084,0.806429,0.193571,0.806429,-1,abandoned
75638,3, 1,4517,1084,0.806463,0.193537,0.806463,-1,abandoned
75694,3, 1,4517,1085,0.806319,0.193681,0.806319,1,abandoned
75723,3, 1,4518,1085,0.806354,0.193646,0.806354,-1,abandoned
75734,3, 1,4518,1086,0.806210,0.193790,0.806210,1,abandoned
75830,3, 1,4519,1086,0.806244,0.193756,0.806244,-1,abandoned
75857,3, 1,4520,1086,0.806279,0.193721,0.806279,-1,abandoned
75894,6623, 1,  1,  0,1.000000,0.000000,1.000000,-1,abandoned
75907,3, 1,4521,1086,0.806314,0.193686,0.806314,-1,abandoned
75916,9845, 1,  0,  2,0.000000,1.000000,0.000000,1,abandoned
75942,3, 1,4522,1086,0.806348,0.193652,0.806348,-1,abandoned
75947,1849, 1,  4,  1,0.800000,0.200000,0.800000,-1,abandoned
75951,3, 1,4523,1086,0.806383,0.193617,0.806383,-1,abandoned
76016,3, 1,4523,1087,0.806239,0.193761,0.806239,1,abandoned
76023,3, 1,4523,1088,0.806095,0.193905,0.806095,1,abandoned
76027,3, 1,4524,1088,0.806130,0.193870,0.806130,-1,abandoned
76070,3, 1,4525,1088,0.806164,0.193836,0.806164,-1,abandoned
76085,3, 1,4526,1088,0.806199,0.193801,0.806199,-1,abandoned
76183,4328, 1,  2,  0,1.000000,0.000000,1.000000,-1,abandoned
76184,4328, 1,  3,  0,1.000000,0.000000,1.000000,-1,abandoned
76199,3, 1,4527,1088,0.806233,0.193767,0.806233,-1,abandoned
76256,3, 1,4528,1088,0.806268,0.193732,0.806268,-1,abandoned
76260,3, 1,4528,1089,0.806124,0.193876,0.806124,1,abandoned
76286,6043, 1,  1,  0,1.000000,0.000000,1.000000,-1,abandoned
76326,8971, 1,  1,  2,0.333333,0.666667,0.333333,1,abandoned
76406,3, 1,4528,1090,0.805981,0.194019,0.805981,1,abandoned
76439,3, 1,4529,1090,0.806015,0.193985,0.806015,-1,abandoned
76518,3, 1,4529,1091,0.805872,0.194128,0.805872,1,abandoned
76541,3, 1,4529,1092,0.805729,0.194271,0.805729,1,abandoned
76601,3, 1,4529,1093,0.805585,0.194415,0.805585,1,abandoned
76647,3, 1,4529,1094,0.805442,0.194558,0.805442,1,abandoned
76651,8832, 1,  1,  0,1.000000,0.000000,1.000000,-1,abandoned
76663,3, 1,4529,1095,0.805299,0.194701,0.805299,1,abandoned
76763,6610, 1,  1,  0,1.000000,0.000000,1.000000,-1,abandoned
76776,3, 1,4529,1096,0.805156,0.194844,0.805156,1,abandoned
76779,3, 1,4529,1097,0.805012,0.194988,0.805012,1,abandoned
76794,3, 1,4529,1098,0.804869,0.195131,0.804869,1,abandoned
76802,3, 1,4530,1098,0.804904,0.195096,0.804904,-1,abandoned
76804,3, 1,4531,1098,0.804939,0.195061,0.804939,-1,abandoned
76806,3, 1,4532,1098,0.804973,0.195027,0.804973,-1,abandoned
76838,3, 1,4532,1099,0.804830,0.195170,0.804830,1,abandoned
76842,3, 1,4533,1099,0.804865,0.195135,0.804865,-1,abandoned
76861,3, 1,4534,1099,0.804900,0.195100,0.804900,-1,abandoned
76874,3, 1,4534,1100,0.804757,0.195243,0.804757,1,abandoned
76907,3, 1,4534,1101,0.804614,0.195386,0.804614,1,abandoned
76938,3, 1,4535,1101,0.804649,0.195351,0.804649,-1,abandoned
76978,3, 1,4536,1101,0.804683,0.195317,0.804683,-1,abandoned
77008,3, 1,4536,1102,0.804541,0.195459,0.804541,1,abandoned
77009,3, 1,4536,1103,0.804398,0.195602,0.804398,1,abandoned
77020,3, 1,4536,1104,0.804255,0.195745,0.804255,1,abandoned
77025,3, 1,4537,1104,0.804290,0.195710,0.804290,-1,abandoned
77050,2759, 1,  2,  0,1.000000,0.000000,1.000000,-1,abandoned
77051,2759, 1,  3,  0,1.000000,0.000000,1.000000,-1,abandoned
77052,2759, 1,  4,  0,1.000000,0.000000,1.000000,-1,abandoned
77054,2759, 1,  5,  0,1.000000,0.000000,1.000000,-1,abandoned
77178,3, 1,4537,1105,0.804147,0.195853,0.804147,1,abandoned
77191,3, 1,4537,1106,0.804005,0.195995,0.804005,1,abandoned
77207,3, 1,4538,1106,0.804040,0.195960,0.804040,-1,abandoned
77220,3, 1,4539,1106,0.804074,0.195926,0.804074,-1,abandoned
77236,3, 1,4540,1106,0.804109,0.195891,0.804109,-1,abandoned
77237,3, 1,4541,1106,0.804144,0.195856,0.804144,-1,abandoned
77260,3, 1,4541,1107,0.804001,0.195999,0.804001,1,abandoned
77302,3, 1,4542,1107,0.804036,0.195964,0.804036,-1,abandoned
77306,3, 1,4542,1108,0.803894,0.196106,0.803894,1,abandoned
77343,3, 1,4543,1108,0.803929,0.196071,0.803929,-1,abandoned
77344,3, 1,4543,1109,0.803786,0.196214,0.803786,1,abandoned
77352,3, 1,4543,1110,0.803644,0.196356,0.803644,1,abandoned
77393,3, 1,4543,1111,0.803502,0.196498,0.803502,1,abandoned
77430,3, 1,4544,1111,0.803537,0.196463,0.803537,-1,abandoned
77489,3, 1,4545,1111,0.803571,0.196429,0.803571,-1,abandoned
77526,3, 1,4545,1112,0.803429,0.196571,0.803429,1,abandoned
77541,1736, 1,  1,  0,1.000000,0.000000,1.000000,-1,abandoned
77544,3, 1,4546,1112,0.803464,0.196536,0.803464,-1,abandoned
77550,6577, 1,  1,  0,1.000000,0.000000,1.000000,-1,abandoned
77661,3, 1,4547,1112,0.803499,0.196501,0.803499,-1,abandoned
77687,3, 1,4548,1112,0.803534,0.196466,0.803534,-1,abandoned
77688,3, 1,4548,1113,0.803392,0.196608,0.803392,1,abandoned
77692,3, 1,4548,1114,0.803250,0.196750,0.803250,1,abandoned
77694,6162, 1,  0,  1,0.000000,1.000000,0.000000,1,abandoned
77733,3, 1,4548,1115,0.803108,0.196892,0.803108,1,abandoned
77756,3, 1,4549,1115,0.803143,0.196857,0.803143,-1,abandoned
77769,3, 1,4550,1115,0.803177,0.196823,0.803177,-1,abandoned
77827,3, 1,4550,1116,0.803036,0.196964,0.803036,1,abandoned
77879,3, 1,4551,1116,0.803070,0.196930,0.803070,-1,abandoned
77917,3, 1,4551,1117,0.802929,0.197071,0.802929,1,abandoned
77948,3, 1,4552,1117,0.802963,0.197037,0.802963,-1,abandoned
77968,3, 1,4553,1117,0.802998,0.197002,0.802998,-1,abandoned
77969,3, 1,4554,1117,0.803033,0.196967,0.803033,-1,abandoned
77970,3, 1,4555,1117,0.803068,0.196932,0.803068,-1,abandoned
77971,3, 1,4555,1118,0.802926,0.197074,0.802926,1,abandoned
77972,3, 1,4555,1119,0.802785,0.197215,0.802785,1,abandoned
77973,3, 1,4555,1120,0.802643,0.197357,0.802643,1,abandoned
77974,3, 1,4555,1121,0.802502,0.197498,0.802502,1,abandoned
77975,3, 1,4555,1122,0.802360,0.197640,0.802360,1,abandoned
77979,3, 1,4556,1122,0.802395,0.197605,0.802395,1,merged
77980,3, 1,4556,1123,0.802254,0.197746,0.802254,1,abandoned
77985,6944, 1,  1,  0,1.000000,0.000000,1.000000,-1,abandoned
77987,3, 1,4556,1124,0.802113,0.197887,0.802113,1,abandoned
77990,3, 1,4556,1125,0.801971,0.198029,0.801971,1,abandoned
77991,3, 1,4556,1126,0.801830,0.198170,0.801830,1,abandoned
77993,3, 1,4556,1127,0.801689,0.198311,0.801689,1,abandoned
77996,3, 1,4556,1128,0.801548,0.198452,0.801548,1,abandoned
77999,3, 1,4556,1129,0.801407,0.198593,0.801407,1,abandoned
78006,3, 1,4556,1130,0.801266,0.198734,0.801266,1,abandoned
78008,3, 1,4556,1131,0.801125,0.198875,0.801125,1,abandoned
78011,3, 1,4556,1132,0.800985,0.199015,0.800985,1,abandoned
78013,3, 1,4556,1133,0.800844,0.199156,0.800844,1,abandoned
78016,3, 1,4556,1134,0.800703,0.199297,0.800703,1,abandoned
78025,3, 1,4557,1134,0.800738,0.199262,0.800738,1,merged
78080,3, 1,4557,1135,0.800597,0.199403,0.800597,1,abandoned
78082,3, 1,4557,1136,0.800457,0.199543,0.800457,1,abandoned
78083,3, 1,4557,1137,0.800316,0.199684,0.800316,1,abandoned
78084,3, 1,4557,1138,0.800176,0.199824,0.800176,1,abandoned
78085,3, 1,4557,1139,0.800035,0.199965,0.800035,1,abandoned
78086,3, 1,4557,1140,0.799895,0.200105,0.799895,1,abandoned
78087,3, 1,4557,1141,0.799754,0.200246,0.799754,1,abandoned
78088,3, 1,4557,1142,0.799614,0.200386,0.799614,1,abandoned
78100,3, 1,4558,1142,0.799649,0.200351,0.799649,1,merged
78134,3, 1,4559,1142,0.799684,0.200316,0.799684,1,merged
78157,3, 1,4560,1142,0.799719,0.200281,0.799719,-1,abandoned
78186,3, 1,4560,1143,0.799579,0.200421,0.799579,1,abandoned
78191,3, 1,4561,1143,0.799614,0.200386,0.799614,1,merged
78195,3, 1,4562,1143,0.799649,0.200351,0.799649,1,merged
78214,3, 1,4562,1144,0.799509,0.200491,0.799509,1,abandoned
78215,3, 1,4562,1145,0.799369,0.200631,0.799369,1,abandoned
78216,3, 1,4562,1146,0.799229,0.200771,0.799229,1,abandoned
78252,3, 1,4562,1147,0.799089,0.200911,0.799089,1,abandoned
78256,3, 1,4562,1148,0.798949,0.201051,0.798949,1,abandoned
78257,1, 1, 38, 17,0.690909,0.309091,0.690909,-1,abandoned
78258,3, 1,4562,1149,0.798809,0.201191,0.798809,1,abandoned
78259,3, 1,4562,1150,0.798669,0.201331,0.798669,1,abandoned
78260,3, 1,4562,1151,0.798530,0.201470,0.798530,1,abandoned
78261,3, 1,4562,1152,0.798390,0.201610,0.798390,1,abandoned
78264,3, 1,4562,1153,0.798250,0.201750,0.798250,1,abandoned
78265,3, 1,4562,1154,0.798111,0.201889,0.798111,1,abandoned
78266,3, 1,4562,1155,0.797971,0.202029,0.797971,1,abandoned
78268,3, 1,4563,1155,0.798006,0.201994,0.798006,-1,abandoned
78270,3, 1,4563,1156,0.797867,0.202133,0.797867,1,abandoned
78272,3, 1,4564,1156,0.797902,0.202098,0.797902,1,merged
78278,3, 1,4564,1157,0.797763,0.202237,0.797763,1,abandoned
78279,3, 1,4564,1158,0.797623,0.202377,0.797623,1,abandoned
78280,3, 1,4564,1159,0.797484,0.202516,0.797484,1,abandoned
78282,3, 1,4564,1160,0.797345,0.202655,0.797345,1,abandoned
78283,3, 1,4564,1161,0.797205,0.202795,0.797205,1,abandoned
78291,3, 1,4564,1162,0.797066,0.202934,0.797066,1,abandoned
78295,3, 1,4564,1163,0.796927,0.203073,0.796927,1,abandoned
78297,3, 1,4564,1164,0.796788,0.203212,0.796788,1,abandoned
78298,3, 1,4564,1165,0.796649,0.203351,0.796649,1,abandoned
78299,3, 1,4564,1166,0.796510,0.203490,0.796510,1,abandoned
78300,3, 1,4564,1167,0.796371,0.203629,0.796371,1,abandoned
78301,3, 1,4564,1168,0.796232,0.203768,0.796232,1,abandoned
78304,3, 1,4564,1169,0.796093,0.203907,0.796093,1,abandoned
78306,3, 1,4565,1169,0.796128,0.203872,0.796128,1,merged
78307,3, 1,4565,1170,0.795990,0.204010,0.795990,1,abandoned
78308,3, 1,4565,1171,0.795851,0.204149,0.795851,1,abandoned
78313,3, 1,4566,1171,0.795886,0.204114,0.795886,1,merged
78316,3, 1,4567,1171,0.795922,0.204078,0.795922,1,merged
78317,3, 1,4567,1172,0.795783,0.204217,0.795783,1,abandoned
78319,3, 1,4567,1173,0.795645,0.204355,0.795645,1,abandoned
78320,3, 1,4567,1174,0.795506,0.204494,0.795506,1,abandoned
78321,3, 1,4567,1175,0.795367,0.204633,0.795367,1,abandoned
78323,3, 1,4567,1176,0.795229,0.204771,0.795229,1,abandoned
78324,3, 1,4567,1177,0.795091,0.204909,0.795091,1,abandoned
78335,3, 1,4567,1178,0.794952,0.205048,0.794952,1,abandoned
78338,3, 1,4568,1178,0.794988,0.205012,0.794988,1,merged
78341,3, 1,4568,1179,0.794849,0.205151,0.794849,1,abandoned
78342,3, 1,4568,1180,0.794711,0.205289,0.794711,1,abandoned
78343,3, 1,4568,1181,0.794573,0.205427,0.794573,1,abandoned
78346,3, 1,4568,1182,0.794435,0.205565,0.794435,1,abandoned
78349,3, 1,4568,1183,0.794297,0.205703,0.794297,1,abandoned
78350,3, 1,4568,1184,0.794159,0.205841,0.794159,1,abandoned
78351,3, 1,4568,1185,0.794021,0.205979,0.794021,1,abandoned
78353,3, 1,4569,1185,0.794056,0.205944,0.794056,1,merged
78354,3, 1,4570,1185,0.794092,0.205908,0.794092,1,merged
78355,3, 1,4570,1186,0.793954,0.206046,0.793954,1,abandoned
78357,3, 1,4570,1187,0.793816,0.206184,0.793816,1,abandoned
78359,3, 1,4570,1188,0.793678,0.206322,0.793678,1,abandoned
78360,3, 1,4570,1189,0.793541,0.206459,0.793541,1,abandoned
78362,3, 1,4570,1190,0.793403,0.206597,0.793403,1,abandoned
78364,3, 1,4570,1191,0.793265,0.206735,0.793265,1,abandoned
78367,3, 1,4570,1192,0.793127,0.206873,0.793127,1,abandoned
78368,3, 1,4570,1193,0.792990,0.207010,0.792990,1,abandoned
78369,3, 1,4570,1194,0.792852,0.207148,0.792852,1,abandoned
78373,3, 1,4570,1195,0.792715,0.207285,0.792715,1,abandoned
78374,3, 1,4570,1196,0.792577,0.207423,0.792577,1,abandoned
78379,3, 1,4570,1197,0.792440,0.207560,0.792440,1,abandoned
78380,3, 1,4570,1198,0.792302,0.207698,0.792302,1,abandoned
78381,3, 1,4570,1199,0.792165,0.207835,0.792165,1,abandoned
78389,3, 1,4570,1200,0.792028,0.207972,0.792028,1,abandoned
78456,3, 1,4571,1200,0.792064,0.207936,0.792064,1,merged
78485,3, 1,4572,1200,0.792100,0.207900,0.792100,-1,abandoned
78535,3, 1,4573,1200,0.792136,0.207864,0.792136,-1,abandoned
78541,3, 1,4574,1200,0.792172,0.207828,0.792172,-1,abandoned
78560,3, 1,4574,1201,0.792035,0.207965,0.792035,1,abandoned
78580,10117, 1,  0,  2,0.000000,1.000000,0.000000,1,abandoned
78590,3, 1,4575,1201,0.792071,0.207929,0.792071,-1,abandoned
78640,3, 1,4576,1201,0.792107,0.207893,0.792107,1,merged
78655,3, 1,4577,1201,0.792143,0.207857,0.792143,-1,abandoned
78701,3, 1,4578,1201,0.792179,0.207821,0.792179,-1,abandoned
78718,3, 1,4578,1202,0.792042,0.207958,0.792042,1,abandoned
78719,3, 1,4578,1203,0.791905,0.208095,0.791905,1,abandoned
78722,6043, 1,  2,  0,1.000000,0.000000,1.000000,-1,abandoned
78725,3, 1,4578,1204,0.791768,0.208232,0.791768,1,abandoned
78738,4, 1, 13,  0,1.000000,0.000000,1.000000,-1,abandoned
78772,1179, 1,  1,  0,1.000000,0.000000,1.000000,-1,abandoned
78773,3, 1,4578,1205,0.791631,0.208369,0.791631,1,abandoned
78803,3, 1,4579,1205,0.791667,0.208333,0.791667,-1,abandoned
78917,3, 1,4579,1206,0.791530,0.208470,0.791530,1,abandoned
78928,3, 1,4580,1206,0.791566,0.208434,0.791566,-1,abandoned
78934,3, 1,4581,1206,0.791602,0.208398,0.791602,-1,abandoned
78940,3, 1,4582,1206,0.791638,0.208362,0.791638,-1,abandoned
78967,3, 1,4583,1206,0.791674,0.208326,0.791674,-1,abandoned
78973,3, 1,4583,1207,0.791537,0.208463,0.791537,1,abandoned
78994,9578, 1,  0,  4,0.000000,1.000000,0.000000,1,abandoned
79017,3, 1,4584,1207,0.791573,0.208427,0.791573,1,merged
79026,2622, 1,  2,  0,1.000000,0.000000,1.000000,-1,abandoned
79091,3, 1,4584,1208,0.791436,0.208564,0.791436,1,abandoned
79111,3, 1,4585,1208,0.791472,0.208528,0.791472,-1,abandoned
79258,9578, 1,  1,  4,0.200000,0.800000,0.200000,-1,abandoned
79271,3, 1,4586,1208,0.791508,0.208492,0.791508,-1,abandoned
79272,3, 1,4586,1209,0.791372,0.208628,0.791372,1,abandoned
79276,3, 1,4586,1210,0.791235,0.208765,0.791235,1,abandoned
79318,3, 1,4587,1210,0.791271,0.208729,0.791271,1,merged
79352,3, 1,4587,1211,0.791135,0.208865,0.791135,1,abandoned
79364,3, 1,4588,1211,0.791171,0.208829,0.791171,-1,abandoned
79382,3, 1,4589,1211,0.791207,0.208793,0.791207,-1,abandoned
79384,3, 1,4590,1211,0.791243,0.208757,0.791243,-1,abandoned
79389,3, 1,4591,1211,0.791279,0.208721,0.791279,-1,abandoned
79404,3, 1,4592,1211,0.791315,0.208685,0.791315,-1,abandoned
79406,3, 1,4593,1211,0.791351,0.208649,0.791351,-1,abandoned
79431,3, 1,4594,1211,0.791387,0.208613,0.791387,-1,abandoned
79432,10113, 1,  1,  0,1.000000,0.000000,1.000000,-1,abandoned
79449,3, 1,4595,1211,0.791423,0.208577,0.791423,-1,abandoned
79475,3, 1,4595,1212,0.791286,0.208714,0.791286,1,abandoned
79476,3, 1,4596,1212,0.791322,0.208678,0.791322,-1,abandoned
79489,3, 1,4596,1213,0.791186,0.208814,0.791186,1,abandoned
79508,3, 1,4597,1213,0.791222,0.208778,0.791222,-1,abandoned
79535,3, 1,4597,1214,0.791086,0.208914,0.791086,1,abandoned
79538,3, 1,4598,1214,0.791122,0.208878,0.791122,-1,abandoned
79554,3, 1,4598,1215,0.790986,0.209014,0.790986,1,abandoned
79676,3, 1,4598,1216,0.790850,0.209150,0.790850,1,abandoned
79686,3, 1,4598,1217,0.790714,0.209286,0.790714,1,abandoned
79690,3, 1,4599,1217,0.790750,0.209250,0.790750,-1,abandoned
79704,3, 1,4600,1217,0.790786,0.209214,0.790786,-1,abandoned
79710,3, 1,4600,1218,0.790650,0.209350,0.790650,1,abandoned
79735,3, 1,4601,1218,0.790686,0.209314,0.790686,1,merged
79762,9578, 1,  1,  5,0.166667,0.833333,0.166667,1,abandoned
79770,3, 1,4602,1218,0.790722,0.209278,0.790722,-1,abandoned
79775,3, 1,4602,1219,0.790586,0.209414,0.790586,1,abandoned
79819,3, 1,4603,1219,0.790622,0.209378,0.790622,-1,abandoned
79837,3, 1,4603,1220,0.790486,0.209514,0.790486,1,abandoned
79841,4395, 1,  1,  0,1.000000,0.000000,1.000000,-1,abandoned
79889,3, 1,4604,1220,0.790522,0.209478,0.790522,-1,abandoned
79921,10117, 1,  0,  3,0.000000,1.000000,0.000000,1,abandoned
80015,2750, 1,  3,  1,0.750000,0.250000,0.750000,-1,abandoned
80074,3, 1,4604,1221,0.790386,0.209614,0.790386,1,abandoned
80093,3, 1,4605,1221,0.790422,0.209578,0.790422,1,merged
80114,3, 1,4606,1221,0.790458,0.209542,0.790458,-1,abandoned
80139,3, 1,4607,1221,0.790494,0.209506,0.790494,1,merged
80143,3, 1,4607,1222,0.790359,0.209641,0.790359,1,abandoned
80146,3, 1,4608,1222,0.790395,0.209605,0.790395,1,merged
80154,3, 1,4609,1222,0.790430,0.209570,0.790430,1,merged
80157,3, 1,4609,1223,0.790295,0.209705,0.790295,1,abandoned
80159,3, 1,4609,1224,0.790159,0.209841,0.790159,1,abandoned
80166,3, 1,4610,1224,0.790195,0.209805,0.790195,-1,abandoned
80170,3, 1,4611,1224,0.790231,0.209769,0.790231,-1,abandoned
80226,3, 1,4612,1224,0.790267,0.209733,0.790267,1,merged
80258,7213, 1,  1,  1,0.500000,0.500000,0.500000,-1,abandoned
80300,3, 1,4613,1224,0.790303,0.209697,0.790303,-1,abandoned
80313,3, 1,4614,1224,0.790339,0.209661,0.790339,-1,abandoned
80319,3, 1,4615,1224,0.790375,0.209625,0.790375,-1,abandoned
80320,3, 1,4616,1224,0.790411,0.209589,0.790411,-1,abandoned
80366,3, 1,4616,1225,0.790276,0.209724,0.790276,1,abandoned
80386,3, 1,4616,1226,0.790140,0.209860,0.790140,1,abandoned
80452,3, 1,4616,1227,0.790005,0.209995,0.790005,1,abandoned
80460,3, 1,4616,1228,0.789870,0.210130,0.789870,1,abandoned
80481,8556, 1,  1,  0,1.000000,0.000000,1.000000,-1,abandoned
80482,3, 1,4616,1229,0.789735,0.210265,0.789735,1,abandoned
80491,3, 1,4616,1230,0.789600,0.210400,0.789600,1,abandoned
80590,3, 1,4617,1230,0.789636,0.210364,0.789636,-1,abandoned
80646,3, 1,4617,1231,0.789501,0.210499,0.789501,1,abandoned
80656,3, 1,4617,1232,0.789366,0.210634,0.789366,1,abandoned
80676,6873, 1,  2,  0,1.000000,0.000000,1.000000,-1,abandoned
80678,3, 1,4618,1232,0.789402,0.210598,0.789402,-1,abandoned
80679,3, 1,4619,1232,0.789438,0.210562,0.789438,-1,abandoned
80680,3, 1,4620,1232,0.789474,0.210526,0.789474,-1,abandoned
80681,3, 1,4621,1232,0.789510,0.210490,0.789510,-1,abandoned
80682,3, 1,4622,1232,0.789546,0.210454,0.789546,-1,abandoned
80683,3, 1,4623,1232,0.789582,0.210418,0.789582,-1,abandoned
80684,3, 1,4624,1232,0.789617,0.210383,0.789617,-1,abandoned
80685,3, 1,4625,1232,0.789653,0.210347,0.789653,-1,abandoned
80716,3, 1,4626,1232,0.789689,0.210311,0.789689,-1,abandoned
80722,3, 1,4626,1233,0.789555,0.210445,0.789555,1,abandoned
80847,3, 1,4627,1233,0.789590,0.210410,0.789590,1,merged
80880,3, 1,4628,1233,0.789626,0.210374,0.789626,-1,abandoned
80951,3, 1,4628,1234,0.789492,0.210508,0.789492,1,abandoned
80964,3, 1,4629,1234,0.789528,0.210472,0.789528,-1,abandoned
81105,3, 1,4630,1234,0.789563,0.210437,0.789563,-1,abandoned
81189,3, 1,4630,1235,0.789429,0.210571,0.789429,1,abandoned
81203,3, 1,4630,1236,0.789294,0.210706,0.789294,1,abandoned
81209,3, 1,4631,1236,0.789330,0.210670,0.789330,-1,abandoned
81243,3, 1,4631,1237,0.789196,0.210804,0.789196,1,abandoned
81270,3, 1,4632,1237,0.789232,0.210768,0.789232,-1,abandoned
81271,3, 1,4633,1237,0.789267,0.210733,0.789267,-1,abandoned
81279,3, 1,4633,1238,0.789133,0.210867,0.789133,1,abandoned
81280,3, 1,4634,1238,0.789169,0.210831,0.789169,-1,abandoned
81317,2472, 1,  2,  2,0.500000,0.500000,0.500000,-1,abandoned
81329,3, 1,4635,1238,0.789205,0.210795,0.789205,-1,abandoned
81346,3, 1,4635,1239,0.789070,0.210930,0.789070,1,abandoned
81351,3, 1,4635,1240,0.788936,0.211064,0.788936,1,abandoned
81386,3, 1,4636,1240,0.788972,0.211028,0.788972,-1,abandoned
81415,3, 1,4637,1240,0.789008,0.210992,0.789008,-1,abandoned
81448,9578, 1,  1,  6,0.142857,0.857143,0.142857,1,abandoned
81564,3, 1,4637,1241,0.788874,0.211126,0.788874,1,abandoned
81570,3, 1,4638,1241,0.788910,0.211090,0.788910,-1,abandoned
81571,3, 1,4638,1242,0.788776,0.211224,0.788776,1,abandoned
81621,1849, 1,  5,  1,0.833333,0.166667,0.833333,-1,abandoned
81623,3, 1,4639,1242,0.788811,0.211189,0.788811,-1,abandoned
81638,3, 1,4640,1242,0.788847,0.211153,0.788847,-1,abandoned
81696,3, 1,4641,1242,0.788883,0.211117,0.788883,-1,abandoned
81705,3, 1,4641,1243,0.788749,0.211251,0.788749,1,abandoned
81732,3, 1,4642,1243,0.788785,0.211215,0.788785,-1,abandoned
81739,7366, 1,  1,  0,1.000000,0.000000,1.000000,-1,abandoned
81776,3, 1,4643,1243,0.788821,0.211179,0.788821,-1,abandoned
81777,3, 1,4643,1244,0.788687,0.211313,0.788687,1,abandoned
81866,3, 1,4644,1244,0.788723,0.211277,0.788723,-1,abandoned
81868,3, 1,4644,1245,0.788589,0.211411,0.788589,1,abandoned
81893,3, 1,4645,1245,0.788625,0.211375,0.788625,-1,abandoned
81895,3, 1,4646,1245,0.788661,0.211339,0.788661,-1,abandoned
81899,3, 1,4646,1246,0.788527,0.211473,0.788527,1,abandoned
81904,3, 1,4646,1247,0.788393,0.211607,0.788393,1,abandoned
82204,3, 1,4646,1248,0.788259,0.211741,0.788259,1,abandoned
82248,3, 1,4646,1249,0.788126,0.211874,0.788126,1,abandoned
82267,3, 1,4647,1249,0.788161,0.211839,0.788161,-1,abandoned
82285,3, 1,4648,1249,0.788197,0.211803,0.788197,-1,abandoned
82304,3, 1,4648,1250,0.788064,0.211936,0.788064,1,abandoned
82420,3, 1,4648,1251,0.787930,0.212070,0.787930,1,abandoned
82465,3, 1,4648,1252,0.787797,0.212203,0.787797,1,abandoned
82467,3, 1,4649,1252,0.787833,0.212167,0.787833,-1,abandoned
82470,3, 1,4649,1253,0.787699,0.212301,0.787699,1,abandoned
82478,3, 1,4649,1254,0.787566,0.212434,0.787566,1,abandoned
82585,3, 1,4649,1255,0.787432,0.212568,0.787432,1,abandoned
82707,3, 1,4649,1256,0.787299,0.212701,0.787299,1,abandoned
82779,1955, 1,  1,  0,1.000000,0.000000,1.000000,-1,abandoned
82783,3, 1,4649,1257,0.787166,0.212834,0.787166,1,abandoned
82801,1941, 1,  1,  0,1.000000,0.000000,1.000000,-1,abandoned
82812,782, 1,  1,  0,1.000000,0.000000,1.000000,-1,abandoned
82815,3, 1,4649,1258,0.787032,0.212968,0.787032,1,abandoned
82827,3, 1,4649,1259,0.786899,0.213101,0.786899,1,abandoned
82857,3, 1,4649,1260,0.786766,0.213234,0.786766,1,abandoned
82895,3, 1,4649,1261,0.786633,0.213367,0.786633,1,abandoned
82940,3, 1,4649,1262,0.786500,0.213500,0.786500,1,abandoned
83033,3, 1,4650,1262,0.786536,0.213464,0.786536,1,merged
83082,3, 1,4650,1263,0.786403,0.213597,0.786403,1,abandoned
83084,3, 1,4651,1263,0.786439,0.213561,0.786439,-1,abandoned
83106,3, 1,4652,1263,0.786475,0.213525,0.786475,-1,abandoned
83139,3, 1,4652,1264,0.786342,0.213658,0.786342,1,abandoned
83151,4328, 1,  4,  0,1.000000,0.000000,1.000000,-1,abandoned
83166,3, 1,4653,1264,0.786378,0.213622,0.786378,-1,abandoned
83178,3, 1,4654,1264,0.786414,0.213586,0.786414,-1,abandoned
83214,3, 1,4654,1265,0.786281,0.213719,0.786281,1,abandoned
83288,3, 1,4654,1266,0.786149,0.213851,0.786149,1,abandoned
83291,3, 1,4655,1266,0.786185,0.213815,0.786185,-1,abandoned
83336,3, 1,4655,1267,0.786052,0.213948,0.786052,1,abandoned
83364,3, 1,4656,1267,0.786088,0.213912,0.786088,-1,abandoned
83367,3, 1,4657,1267,0.786124,0.213876,0.786124,-1,abandoned
83377,3, 1,4658,1267,0.786160,0.213840,0.786160,-1,abandoned
83395,3, 1,4658,1268,0.786028,0.213972,0.786028,1,abandoned
83463,3, 1,4659,1268,0.786064,0.213936,0.786064,-1,abandoned
83464,3, 1,4660,1268,0.786100,0.213900,0.786100,-1,abandoned
83465,3, 1,4661,1268,0.786136,0.213864,0.786136,-1,abandoned
83500,3, 1,4661,1269,0.786003,0.213997,0.786003,1,abandoned
83544,3, 1,4661,1270,0.785871,0.214129,0.785871,1,abandoned
83557,3, 1,4662,1270,0.785907,0.214093,0.785907,-1,abandoned
83581,3, 1,4662,1271,0.785774,0.214226,0.785774,1,abandoned
83603,3, 1,4662,1272,0.785642,0.214358,0.785642,1,abandoned
83706,3, 1,4662,1273,0.785510,0.214490,0.785510,1,abandoned
83719,2750, 1,  4,  1,0.800000,0.200000,0.800000,-1,abandoned
83760,3, 1,4663,1273,0.785546,0.214454,0.785546,-1,abandoned
83780,3, 1,4663,1274,0.785414,0.214586,0.785414,1,abandoned
83783,3, 1,4663,1275,0.785281,0.214719,0.785281,1,abandoned
83784,3, 1,4663,1276,0.785149,0.214851,0.785149,1,abandoned
83785,3, 1,4663,1277,0.785017,0.214983,0.785017,1,abandoned
83786,3, 1,4663,1278,0.784885,0.215115,0.784885,1,abandoned
83807,3, 1,4664,1278,0.784921,0.215079,0.784921,-1,abandoned
83876,6873, 1,  3,  0,1.000000,0.000000,1.000000,-1,abandoned
83920,3, 1,4665,1278,0.784957,0.215043,0.784957,-1,abandoned
83974,3, 1,4666,1278,0.784993,0.215007,0.784993,-1,abandoned
84093,3, 1,4667,1278,0.785029,0.214971,0.785029,-1,abandoned
84105,3, 1,4668,1278,0.785066,0.214934,0.785066,-1,abandoned
84248,3, 1,4668,1279,0.784934,0.215066,0.784934,1,abandoned
84345,3, 1,4669,1279,0.784970,0.215030,0.784970,-1,abandoned
84356,3, 1,4669,1280,0.784838,0.215162,0.784838,1,abandoned
84434,3, 1,4670,1280,0.784874,0.215126,0.784874,-1,abandoned
84488,3, 1,4670,1281,0.784742,0.215258,0.784742,1,abandoned
84495,3, 1,4670,1282,0.784610,0.215390,0.784610,1,abandoned
84588,3, 1,4670,1283,0.784478,0.215522,0.784478,1,abandoned
84602,3, 1,4670,1284,0.784347,0.215653,0.784347,1,abandoned
84619,3, 1,4671,1284,0.784383,0.215617,0.784383,-1,abandoned
84659,3, 1,4672,1284,0.784419,0.215581,0.784419,-1,abandoned
84697,3, 1,4672,1285,0.784287,0.215713,0.784287,1,abandoned
84753,3, 1,4673,1285,0.784324,0.215676,0.784324,-1,abandoned
84760,3, 1,4674,1285,0.784360,0.215640,0.784360,1,merged
84769,3, 1,4675,1285,0.784396,0.215604,0.784396,1,merged
84775,3, 1,4676,1285,0.784432,0.215568,0.784432,1,merged
84779,3, 1,4677,1285,0.784468,0.215532,0.784468,1,merged
84782,3, 1,4678,1285,0.784504,0.215496,0.784504,1,merged
84788,3, 1,4679,1285,0.784541,0.215459,0.784541,1,merged
84792,3, 1,4679,1286,0.784409,0.215591,0.784409,1,abandoned
84803,3, 1,4679,1287,0.784278,0.215722,0.784278,1,abandoned
84804,3, 1,4679,1288,0.784146,0.215854,0.784146,1,abandoned
84816,3, 1,4679,1289,0.784015,0.215985,0.784015,1,abandoned
84820,3, 1,4679,1290,0.783883,0.216117,0.783883,1,abandoned
84826,3, 1,4680,1290,0.783920,0.216080,0.783920,1,merged
84831,3, 1,4681,1290,0.783956,0.216044,0.783956,1,merged
84835,3, 1,4681,1291,0.783825,0.216175,0.783825,1,abandoned
84836,3, 1,4681,1292,0.783693,0.216307,0.783693,1,abandoned
84838,3, 1,4681,1293,0.783562,0.216438,0.783562,1,abandoned
84854,3, 1,4681,1294,0.783431,0.216569,0.783431,1,abandoned
84883,3, 1,4682,1294,0.783467,0.216533,0.783467,-1,abandoned
85011,3, 1,4682,1295,0.783336,0.216664,0.783336,1,abandoned
85023,3, 1,4683,1295,0.783372,0.216628,0.783372,-1,abandoned
85104,3, 1,4684,1295,0.783409,0.216591,0.783409,-1,abandoned
85181,3, 1,4684,1296,0.783278,0.216722,0.783278,1,abandoned
85194,3, 1,4684,1297,0.783147,0.216853,0.783147,1,abandoned
85205,3, 1,4685,1297,0.783183,0.216817,0.783183,-1,abandoned
85218,3, 1,4686,1297,0.783219,0.216781,0.783219,1,merged
85220,3, 1,4686,1298,0.783088,0.216912,0.783088,1,abandoned
85236,3, 1,4686,1299,0.782957,0.217043,0.782957,1,abandoned
85262,3, 1,4686,1300,0.782827,0.217173,0.782827,1,abandoned
85312,3, 1,4686,1301,0.782696,0.217304,0.782696,1,abandoned
85340,3, 1,4686,1302,0.782565,0.217435,0.782565,1,abandoned
85347,3, 1,4687,1302,0.782601,0.217399,0.782601,-1,abandoned
85434,3, 1,4688,1302,0.782638,0.217362,0.782638,-1,abandoned
85463,3, 1,4689,1302,0.782674,0.217326,0.782674,-1,abandoned
85502,3, 1,4689,1303,0.782543,0.217457,0.782543,1,abandoned
85532,3, 1,4690,1303,0.782580,0.217420,0.782580,-1,abandoned
85549,3, 1,4690,1304,0.782449,0.217551,0.782449,1,abandoned
85603,3, 1,4690,1305,0.782319,0.217681,0.782319,1,abandoned
85760,6094, 1,  1,  0,1.000000,0.000000,1.000000,-1,abandoned
85785,3, 1,4690,1306,0.782188,0.217812,0.782188,1,abandoned
85786,3, 1,4691,1306,0.782224,0.217776,0.782224,-1,abandoned
85808,3, 1,4691,1307,0.782094,0.217906,0.782094,1,abandoned
85883,3, 1,4691,1308,0.781964,0.218036,0.781964,1,abandoned
85907,3, 1,4692,1308,0.782000,0.218000,0.782000,-1,abandoned
85918,3, 1,4692,1309,0.781870,0.218130,0.781870,1,abandoned
85952,3, 1,4693,1309,0.781906,0.218094,0.781906,1,merged
85977,3, 1,4693,1310,0.781776,0.218224,0.781776,1,abandoned
86041,3, 1,4693,1311,0.781646,0.218354,0.781646,1,abandoned
86123,3, 1,4694,1311,0.781682,0.218318,0.781682,1,merged
86145,3, 1,4694,1312,0.781552,0.218448,0.781552,1,abandoned
86217,3, 1,4694,1313,0.781422,0.218578,0.781422,1,abandoned
86303,3, 1,4694,1314,0.781292,0.218708,0.781292,1,abandoned
86329,3, 1,4695,1314,0.781328,0.218672,0.781328,1,merged
86404,3, 1,4695,1315,0.781198,0.218802,0.781198,1,abandoned
86492,3, 1,4695,1316,0.781068,0.218932,0.781068,1,abandoned
86539,3, 1,4695,1317,0.780938,0.219062,0.780938,1,abandoned
86543,3, 1,4696,1317,0.780975,0.219025,0.780975,-1,abandoned
86570,3, 1,4696,1318,0.780845,0.219155,0.780845,1,abandoned
86579,3, 1,4696,1319,0.780715,0.219285,0.780715,1,abandoned
86620,3, 1,4696,1320,0.780585,0.219415,0.780585,1,abandoned
86650,3, 1,4696,1321,0.780455,0.219545,0.780455,1,abandoned
86659,3, 1,4697,1321,0.780492,0.219508,0.780492,-1,abandoned
86667,3, 1,4697,1322,0.780362,0.219638,0.780362,1,abandoned
86680,3, 1,4698,1322,0.780399,0.219601,0.780399,1,merged
86747,3, 1,4698,1323,0.780269,0.219731,0.780269,1,abandoned
86753,3, 1,4699,1323,0.780306,0.219694,0.780306,1,merged
86787,3, 1,4699,1324,0.780176,0.219824,0.780176,1,abandoned
86796,3, 1,4700,1324,0.780212,0.219788,0.780212,1,merged
86798,3, 1,4700,1325,0.780083,0.219917,0.780083,1,abandoned
86799,3, 1,4700,1326,0.779954,0.220046,0.779954,1,abandoned
86800,3, 1,4700,1327,0.779824,0.220176,0.779824,1,abandoned
86802,3, 1,4700,1328,0.779695,0.220305,0.779695,1,abandoned
86815,3, 1,4701,1328,0.779731,0.220269,0.779731,1,merged
86817,3, 1,4701,1329,0.779602,0.220398,0.779602,1,abandoned
86819,3, 1,4702,1329,0.779639,0.220361,0.779639,-1,abandoned
86839,3, 1,4702,1330,0.779509,0.220491,0.779509,1,abandoned
86850,3, 1,4702,1331,0.779380,0.220620,0.779380,1,abandoned
86960,3, 1,4703,1331,0.779417,0.220583,0.779417,1,merged
86968,4146, 1,  1,  1,0.500000,0.500000,0.500000,1,merged
86969,4146, 1,  2,  1,0.666667,0.333333,0.666667,1,merged
87004,3, 1,4704,1331,0.779453,0.220547,0.779453,-1,abandoned
87008,3, 1,4705,1331,0.779490,0.220510,0.779490,1,merged
87014,3, 1,4706,1331,0.779526,0.220474,0.779526,1,merged
87050,3, 1,4707,1331,0.779563,0.220437,0.779563,1,merged
87060,3, 1,4707,1332,0.779434,0.220566,0.779434,1,abandoned
87061,3, 1,4707,1333,0.779305,0.220695,0.779305,1,abandoned
87062,3, 1,4707,1334,0.779176,0.220824,0.779176,1,abandoned
87063,3, 1,4707,1335,0.779047,0.220953,0.779047,1,abandoned
87088,3, 1,4707,1336,0.778918,0.221082,0.778918,1,abandoned
87106,3, 1,4707,1337,0.778789,0.221211,0.778789,1,abandoned
87116,3, 1,4707,1338,0.778660,0.221340,0.778660,1,abandoned
87133,3, 1,4708,1338,0.778697,0.221303,0.778697,1,merged
87153,3, 1,4709,1338,0.778733,0.221267,0.778733,-1,abandoned
87189,3, 1,4709,1339,0.778604,0.221396,0.778604,1,abandoned
87190,3, 1,4709,1340,0.778476,0.221524,0.778476,1,abandoned
87193,3, 1,4709,1341,0.778347,0.221653,0.778347,1,abandoned
87195,3, 1,4710,1341,0.778384,0.221616,0.778384,1,merged
87196,3, 1,4711,1341,0.778420,0.221580,0.778420,1,merged
87197,3, 1,4712,1341,0.778457,0.221543,0.778457,1,merged
87198,3, 1,4713,1341,0.778494,0.221506,0.778494,1,merged
87199,3, 1,4714,1341,0.778530,0.221470,0.778530,1,merged
87202,3, 1,4715,1341,0.778567,0.221433,0.778567,1,merged
87203,3, 1,4716,1341,0.778603,0.221397,0.778603,1,merged
87217,3, 1,4717,1341,0.778640,0.221360,0.778640,1,merged
87219,3, 1,4718,1341,0.778676,0.221324,0.778676,1,merged
87221,3, 1,4718,1342,0.778548,0.221452,0.778548,1,abandoned
87222,3, 1,4718,1343,0.778419,0.221581,0.778419,1,abandoned
87225,3, 1,4718,1344,0.778291,0.221709,0.778291,1,abandoned
87228,3, 1,4719,1344,0.778328,0.221672,0.778328,1,merged
87229,3, 1,4720,1344,0.778364,0.221636,0.778364,1,merged
87232,3, 1,4721,1344,0.778401,0.221599,0.778401,1,merged
87233,3, 1,4722,1344,0.778437,0.221563,0.778437,1,merged
87235,3, 1,4723,1344,0.778474,0.221526,0.778474,1,merged
87241,3, 1,4724,1344,0.778510,0.221490,0.778510,1,merged
87298,3, 1,4724,1345,0.778382,0.221618,0.778382,1,abandoned
87299,3, 1,4724,1346,0.778254,0.221746,0.778254,1,abandoned
87304,3, 1,4724,1347,0.778126,0.221874,0.778126,1,abandoned
87330,3, 1,4724,1348,0.777997,0.222003,0.777997,1,abandoned
87359,3, 1,4725,1348,0.778034,0.221966,0.778034,-1,abandoned
87391,3, 1,4726,1348,0.778070,0.221930,0.778070,-1,abandoned
87402,3, 1,4726,1349,0.777942,0.222058,0.777942,1,abandoned
87405,3, 1,4727,1349,0.777979,0.222021,0.777979,-1,abandoned
87429,3, 1,4727,1350,0.777851,0.222149,0.777851,1,abandoned
87441,3, 1,4728,1350,0.777887,0.222113,0.777887,-1,abandoned
87455,3, 1,4729,1350,0.777924,0.222076,0.777924,1,merged
87493,3, 1,4730,1350,0.777961,0.222039,0.777961,-1,abandoned
87539,3, 1,4730,1351,0.777833,0.222167,0.777833,1,abandoned
87592,3, 1,4731,1351,0.777869,0.222131,0.777869,1,merged
87593,3, 1,4732,1351,0.777906,0.222094,0.777906,1,merged
87595,3, 1,4733,1351,0.777942,0.222058,0.777942,1,merged
87598,3, 1,4733,1352,0.777814,0.222186,0.777814,1,abandoned
87599,3, 1,4733,1353,0.777686,0.222314,0.777686,1,abandoned
87601,3, 1,4733,1354,0.777559,0.222441,0.777559,1,abandoned
87602,3, 1,4733,1355,0.777431,0.222569,0.777431,1,abandoned
87604,3, 1,4734,1355,0.777468,0.222532,0.777468,1,merged
87605,3, 1,4735,1355,0.777504,0.222496,0.777504,1,merged
87606,3, 1,4736,1355,0.777541,0.222459,0.777541,1,merged
87607,3, 1,4737,1355,0.777577,0.222423,0.777577,1,merged
87608,3, 1,4738,1355,0.777614,0.222386,0.777614,1,merged
87610,3, 1,4739,1355,0.777650,0.222350,0.777650,1,merged
87612,3, 1,4740,1355,0.777687,0.222313,0.777687,1,merged
87614,3, 1,4741,1355,0.777723,0.222277,0.777723,1,merged
87615,3, 1,4742,1355,0.777760,0.222240,0.777760,1,merged
87617,3, 1,4743,1355,0.777796,0.222204,0.777796,1,merged
87619,3, 1,4744,1355,0.777832,0.222168,0.777832,1,merged
87621,3, 1,4745,1355,0.777869,0.222131,0.777869,1,merged
87622,3, 1,4746,1355,0.777905,0.222095,0.777905,1,merged
87625,3, 1,4747,1355,0.777942,0.222058,0.777942,1,merged
87627,3, 1,4748,1355,0.777978,0.222022,0.777978,1,merged
87628,3, 1,4749,1355,0.778014,0.221986,0.778014,1,merged
87629,3, 1,4750,1355,0.778051,0.221949,0.778051,1,merged
87630,3, 1,4751,1355,0.778087,0.221913,0.778087,1,merged
87631,3, 1,4752,1355,0.778123,0.221877,0.778123,1,merged
87632,3, 1,4753,1355,0.778160,0.221840,0.778160,1,merged
87633,3, 1,4754,1355,0.778196,0.221804,0.778196,1,merged
87635,3, 1,4755,1355,0.778232,0.221768,0.778232,1,merged
87638,3, 1,4756,1355,0.778269,0.221731,0.778269,1,merged
87639,3, 1,4757,1355,0.778305,0.221695,0.778305,1,merged
87641,3, 1,4758,1355,0.778341,0.221659,0.778341,1,merged
87643,3, 1,4759,1355,0.778377,0.221623,0.778377,1,merged
87644,3, 1,4760,1355,0.778414,0.221586,0.778414,1,merged
87646,3, 1,4761,1355,0.778450,0.221550,0.778450,1,merged
87649,3, 1,4762,1355,0.778486,0.221514,0.778486,1,merged
87651,3, 1,4762,1356,0.778359,0.221641,0.778359,1,abandoned
87653,3, 1,4763,1356,0.778395,0.221605,0.778395,1,merged
87654,3, 1,4764,1356,0.778431,0.221569,0.778431,1,merged
87657,3, 1,4765,1356,0.778468,0.221532,0.778468,1,merged
87659,3, 1,4766,1356,0.778504,0.221496,0.778504,1,merged
87661,3, 1,4767,1356,0.778540,0.221460,0.778540,1,merged
87663,3, 1,4768,1356,0.778576,0.221424,0.778576,1,merged
87665,3, 1,4769,1356,0.778612,0.221388,0.778612,1,merged
87667,3, 1,4770,1356,0.778648,0.221352,0.778648,1,merged
87668,3, 1,4771,1356,0.778685,0.221315,0.778685,1,merged
87669,3, 1,4772,1356,0.778721,0.221279,0.778721,1,merged
87670,3, 1,4773,1356,0.778757,0.221243,0.778757,1,merged
87673,3, 1,4774,1356,0.778793,0.221207,0.778793,1,merged
87674,3, 1,4775,1356,0.778829,0.221171,0.778829,1,merged
87675,3, 1,4776,1356,0.778865,0.221135,0.778865,1,merged
87676,3, 1,4777,1356,0.778901,0.221099,0.778901,1,merged
87678,3, 1,4778,1356,0.778937,0.221063,0.778937,1,merged
87679,3, 1,4779,1356,0.778973,0.221027,0.778973,1,merged
87681,3, 1,4780,1356,0.779009,0.220991,0.779009,1,merged
87683,3, 1,4781,1356,0.779045,0.220955,0.779045,1,merged
87685,3, 1,4782,1356,0.779081,0.220919,0.779081,1,merged
87687,3, 1,4783,1356,0.779117,0.220883,0.779117,1,merged
87688,3, 1,4784,1356,0.779153,0.220847,0.779153,1,merged
87689,3, 1,4785,1356,0.779189,0.220811,0.779189,1,merged
87692,3, 1,4786,1356,0.779225,0.220775,0.779225,1,merged
87694,3, 1,4787,1356,0.779261,0.220739,0.779261,1,merged
87696,3, 1,4788,1356,0.779297,0.220703,0.779297,1,merged
87697,3, 1,4789,1356,0.779333,0.220667,0.779333,1,merged
87698,3, 1,4790,1356,0.779369,0.220631,0.779369,1,merged
87700,3, 1,4791,1356,0.779405,0.220595,0.779405,1,merged
87702,3, 1,4791,1357,0.779278,0.220722,0.779278,1,abandoned
87703,3, 1,4791,1358,0.779151,0.220849,0.779151,1,abandoned
87704,3, 1,4791,1359,0.779024,0.220976,0.779024,1,abandoned
87705,3, 1,4791,1360,0.778898,0.221102,0.778898,1,abandoned
87706,3, 1,4791,1361,0.778771,0.221229,0.778771,1,abandoned
87708,3, 1,4792,1361,0.778807,0.221193,0.778807,1,merged
87709,3, 1,4793,1361,0.778843,0.221157,0.778843,1,merged
87710,3, 1,4794,1361,0.778879,0.221121,0.778879,1,merged
87712,3, 1,4795,1361,0.778915,0.221085,0.778915,1,merged
87713,3, 1,4796,1361,0.778951,0.221049,0.778951,1,merged
87715,3, 1,4797,1361,0.778987,0.221013,0.778987,1,merged
87716,3, 1,4798,1361,0.779023,0.220977,0.779023,1,merged
87718,3, 1,4799,1361,0.779058,0.220942,0.779058,1,merged
87719,3, 1,4800,1361,0.779094,0.220906,0.779094,1,merged
87721,3, 1,4801,1361,0.779130,0.220870,0.779130,1,merged
87752,3, 1,4801,1362,0.779004,0.220996,0.779004,1,abandoned
87785,3, 1,4801,1363,0.778877,0.221123,0.778877,1,abandoned
87794,3, 1,4802,1363,0.778913,0.221087,0.778913,-1,abandoned
87800,3, 1,4803,1363,0.778949,0.221051,0.778949,-1,abandoned
87801,3, 1,4804,1363,0.778985,0.221015,0.778985,-1,abandoned
87834,3, 1,4804,1364,0.778859,0.221141,0.778859,1,abandoned
87933,3, 1,4804,1365,0.778732,0.221268,0.778732,1,abandoned
87963,3, 1,4804,1366,0.778606,0.221394,0.778606,1,abandoned
88002,3, 1,4805,1366,0.778642,0.221358,0.778642,1,merged
88039,3, 1,4805,1367,0.778516,0.221484,0.778516,1,abandoned
88064,3, 1,4805,1368,0.778390,0.221610,0.778390,1,abandoned
88076,3, 1,4806,1368,0.778426,0.221574,0.778426,-1,abandoned
88090,3, 1,4806,1369,0.778300,0.221700,0.778300,1,abandoned
88102,3, 1,4807,1369,0.778335,0.221665,0.778335,1,merged
88104,3, 1,4807,1370,0.778209,0.221791,0.778209,1,abandoned
88154,3, 1,4808,1370,0.778245,0.221755,0.778245,1,merged
88155,3, 1,4809,1370,0.778281,0.221719,0.778281,1,merged
88156,3, 1,4810,1370,0.778317,0.221683,0.778317,1,merged
88158,3, 1,4811,1370,0.778353,0.221647,0.778353,1,merged
88163,3, 1,4812,1370,0.778389,0.221611,0.778389,1,merged
88181,3, 1,4813,1370,0.778425,0.221575,0.778425,1,merged
88182,3, 1,4814,1370,0.778461,0.221539,0.778461,1,merged
88183,3, 1,4815,1370,0.778496,0.221504,0.778496,1,merged
88184,3, 1,4816,1370,0.778532,0.221468,0.778532,1,merged
88186,3, 1,4817,1370,0.778568,0.221432,0.778568,1,merged
88187,3, 1,4818,1370,0.778604,0.221396,0.778604,1,merged
88188,3, 1,4819,1370,0.778640,0.221360,0.778640,1,merged
88189,3, 1,4820,1370,0.778675,0.221325,0.778675,1,merged
88192,3, 1,4821,1370,0.778711,0.221289,0.778711,1,merged
88193,3, 1,4822,1370,0.778747,0.221253,0.778747,1,merged
88194,3, 1,4823,1370,0.778782,0.221218,0.778782,1,merged
88195,3, 1,4824,1370,0.778818,0.221182,0.778818,1,merged
88196,3, 1,4825,1370,0.778854,0.221146,0.778854,1,merged
88197,3, 1,4826,1370,0.778890,0.221110,0.778890,1,merged
88198,3, 1,4827,1370,0.778925,0.221075,0.778925,1,merged
88199,3, 1,4828,1370,0.778961,0.221039,0.778961,1,merged
88200,3, 1,4829,1370,0.778997,0.221003,0.778997,1,merged
88201,3, 1,4830,1370,0.779032,0.220968,0.779032,1,merged
88202,3, 1,4831,1370,0.779068,0.220932,0.779068,1,merged
88203,3, 1,4832,1370,0.779104,0.220896,0.779104,1,merged
88205,3, 1,4833,1370,0.779139,0.220861,0.779139,1,merged
88281,7213, 1,  2,  1,0.666667,0.333333,0.666667,-1,abandoned
88299,1207, 1,  1,  0,1.000000,0.000000,1.000000,-1,abandoned
88310,3, 1,4833,1371,0.779014,0.220986,0.779014,1,abandoned
88326,3, 1,4834,1371,0.779049,0.220951,0.779049,-1,abandoned
88346,3, 1,4835,1371,0.779085,0.220915,0.779085,-1,abandoned
88366,7817, 1,  0,  1,0.000000,1.000000,0.000000,-1,merged
88367,7817, 1,  0,  2,0.000000,1.000000,0.000000,-1,merged
88368,7817, 1,  0,  3,0.000000,1.000000,0.000000,-1,merged
88369,7817, 1,  0,  4,0.000000,1.000000,0.000000,-1,merged
88413,3, 1,4836,1371,0.779120,0.220880,0.779120,1,merged
88533,3, 1,4836,1372,0.778995,0.221005,0.778995,1,abandoned
88594,3, 1,4837,1372,0.779030,0.220970,0.779030,-1,abandoned
88601,3, 1,4838,1372,0.779066,0.220934,0.779066,-1,abandoned
88605,3, 1,4839,1372,0.779102,0.220898,0.779102,-1,abandoned
88610,3, 1,4839,1373,0.778976,0.221024,0.778976,1,abandoned
88626,1004, 1,  1,  0,1.000000,0.000000,1.000000,-1,abandoned
88655,3, 1,4840,1373,0.779012,0.220988,0.779012,-1,abandoned
88696,3, 1,4841,1373,0.779047,0.220953,0.779047,-1,abandoned
88701,3, 1,4841,1374,0.778922,0.221078,0.778922,1,abandoned
88741,3, 1,4842,1374,0.778958,0.221042,0.778958,-1,abandoned
88786,3, 1,4842,1375,0.778832,0.221168,0.778832,1,abandoned
88789,3, 1,4842,1376,0.778707,0.221293,0.778707,1,abandoned
88790,3, 1,4842,1377,0.778582,0.221418,0.778582,1,abandoned
88791,3, 1,4842,1378,0.778457,0.221543,0.778457,1,abandoned
88792,3, 1,4842,1379,0.778331,0.221669,0.778331,1,abandoned
88793,3, 1,4842,1380,0.778206,0.221794,0.778206,1,abandoned
88794,3, 1,4842,1381,0.778081,0.221919,0.778081,1,abandoned
88795,3, 1,4842,1382,0.777956,0.222044,0.777956,1,abandoned
88796,3, 1,4842,1383,0.777831,0.222169,0.777831,1,abandoned
88797,3, 1,4842,1384,0.777706,0.222294,0.777706,1,abandoned
88798,3, 1,4842,1385,0.777581,0.222419,0.777581,1,abandoned
88799,3, 1,4842,1386,0.777457,0.222543,0.777457,1,abandoned
88800,3, 1,4842,1387,0.777332,0.222668,0.777332,1,abandoned
88801,3, 1,4842,1388,0.777207,0.222793,0.777207,1,abandoned
88802,3, 1,4842,1389,0.777082,0.222918,0.777082,1,abandoned
88803,3, 1,4842,1390,0.776958,0.223042,0.776958,1,abandoned
88804,3, 1,4842,1391,0.776833,0.223167,0.776833,1,abandoned
88805,3, 1,4842,1392,0.776708,0.223292,0.776708,1,abandoned
88806,3, 1,4842,1393,0.776584,0.223416,0.776584,1,abandoned
88807,3, 1,4842,1394,0.776459,0.223541,0.776459,1,abandoned
88808,3, 1,4842,1395,0.776335,0.223665,0.776335,1,abandoned
88809,3, 1,4842,1396,0.776210,0.223790,0.776210,1,abandoned
88810,3, 1,4842,1397,0.776086,0.223914,0.776086,1,abandoned
88811,3, 1,4842,1398,0.775962,0.224038,0.775962,1,abandoned
88812,3, 1,4842,1399,0.775837,0.224163,0.775837,1,abandoned
88813,3, 1,4842,1400,0.775713,0.224287,0.775713,1,abandoned
88814,3, 1,4842,1401,0.775589,0.224411,0.775589,1,abandoned
88815,3, 1,4842,1402,0.775464,0.224536,0.775464,1,abandoned
88816,3, 1,4842,1403,0.775340,0.224660,0.775340,1,abandoned
88817,3, 1,4842,1404,0.775216,0.224784,0.775216,1,abandoned
88818,3, 1,4842,1405,0.775092,0.224908,0.775092,1,abandoned
88819,3, 1,4842,1406,0.774968,0.225032,0.774968,1,abandoned
88820,3, 1,4842,1407,0.774844,0.225156,0.774844,1,abandoned
88821,3, 1,4842,1408,0.774720,0.225280,0.774720,1,abandoned
88822,3, 1,4842,1409,0.774596,0.225404,0.774596,1,abandoned
88823,3, 1,4842,1410,0.774472,0.225528,0.774472,1,abandoned
88824,3, 1,4842,1411,0.774348,0.225652,0.774348,1,abandoned
88827,3, 1,4842,1412,0.774224,0.225776,0.774224,1,abandoned
88829,3, 1,4842,1413,0.774101,0.225899,0.774101,1,abandoned
88830,3, 1,4842,1414,0.773977,0.226023,0.773977,1,abandoned
88831,3, 1,4842,1415,0.773853,0.226147,0.773853,1,abandoned
88832,3, 1,4842,1416,0.773730,0.226270,0.773730,1,abandoned
88833,3, 1,4842,1417,0.773606,0.226394,0.773606,1,abandoned
88834,3, 1,4842,1418,0.773482,0.226518,0.773482,1,abandoned
88835,3, 1,4842,1419,0.773359,0.226641,0.773359,1,abandoned
88836,3, 1,4842,1420,0.773235,0.226765,0.773235,1,abandoned
88837,3, 1,4842,1421,0.773112,0.226888,0.773112,1,abandoned
88838,3, 1,4842,1422,0.772989,0.227011,0.772989,1,abandoned
88839,3, 1,4842,1423,0.772865,0.227135,0.772865,1,abandoned
88840,3, 1,4842,1424,0.772742,0.227258,0.772742,1,abandoned
88841,3, 1,4842,1425,0.772618,0.227382,0.772618,1,abandoned
88842,3, 1,4842,1426,0.772495,0.227505,0.772495,1,abandoned
88843,3, 1,4842,1427,0.772372,0.227628,0.772372,1,abandoned
88844,3, 1,4842,1428,0.772249,0.227751,0.772249,1,abandoned
88845,3, 1,4842,1429,0.772126,0.227874,0.772126,1,abandoned
88846,3, 1,4842,1430,0.772003,0.227997,0.772003,1,abandoned
88847,3, 1,4842,1431,0.771879,0.228121,0.771879,1,abandoned
88848,3, 1,4842,1432,0.771756,0.228244,0.771756,1,abandoned
88849,3, 1,4842,1433,0.771633,0.228367,0.771633,1,abandoned
88850,3, 1,4842,1434,0.771511,0.228489,0.771511,1,abandoned
88851,3, 1,4842,1435,0.771388,0.228612,0.771388,1,abandoned
88852,3, 1,4842,1436,0.771265,0.228735,0.771265,1,abandoned
88853,3, 1,4842,1437,0.771142,0.228858,0.771142,1,abandoned
88854,3, 1,4842,1438,0.771019,0.228981,0.771019,1,abandoned
88855,3, 1,4842,1439,0.770896,0.229104,0.770896,1,abandoned
88856,3, 1,4842,1440,0.770774,0.229226,0.770774,1,abandoned
88857,3, 1,4842,1441,0.770651,0.229349,0.770651,1,abandoned
88858,3, 1,4842,1442,0.770528,0.229472,0.770528,1,abandoned
88859,3, 1,4842,1443,0.770406,0.229594,0.770406,1,abandoned
88860,3, 1,4842,1444,0.770283,0.229717,0.770283,1,abandoned
88861,3, 1,4842,1445,0.770161,0.229839,0.770161,1,abandoned
88862,3, 1,4842,1446,0.770038,0.229962,0.770038,1,abandoned
88863,3, 1,4842,1447,0.769916,0.230084,0.769916,1,abandoned
88864,3, 1,4842,1448,0.769793,0.230207,0.769793,1,abandoned
88865,3, 1,4842,1449,0.769671,0.230329,0.769671,1,abandoned
88866,3, 1,4842,1450,0.769549,0.230451,0.769549,1,abandoned
88867,3, 1,4842,1451,0.769426,0.230574,0.769426,1,abandoned
88868,3, 1,4842,1452,0.769304,0.230696,0.769304,1,abandoned
88869,3, 1,4842,1453,0.769182,0.230818,0.769182,1,abandoned
88870,3, 1,4842,1454,0.769060,0.230940,0.769060,1,abandoned
88871,3, 1,4842,1455,0.768938,0.231062,0.768938,1,abandoned
88872,3, 1,4842,1456,0.768815,0.231185,0.768815,1,abandoned
88873,3, 1,4842,1457,0.768693,0.231307,0.768693,1,abandoned
88874,3, 1,4842,1458,0.768571,0.231429,0.768571,1,abandoned
88875,3, 1,4842,1459,0.768449,0.231551,0.768449,1,abandoned
88876,3, 1,4842,1460,0.768328,0.231672,0.768328,1,abandoned
88877,3, 1,4842,1461,0.768206,0.231794,0.768206,1,abandoned
88878,3, 1,4842,1462,0.768084,0.231916,0.768084,1,abandoned
88879,3, 1,4842,1463,0.767962,0.232038,0.767962,1,abandoned
88880,3, 1,4842,1464,0.767840,0.232160,0.767840,1,abandoned
88881,3, 1,4842,1465,0.767718,0.232282,0.767718,1,abandoned
88882,3, 1,4842,1466,0.767597,0.232403,0.767597,1,abandoned
88883,3, 1,4842,1467,0.767475,0.232525,0.767475,1,abandoned
88884,3, 1,4842,1468,0.767353,0.232647,0.767353,1,abandoned
88885,3, 1,4842,1469,0.767232,0.232768,0.767232,1,abandoned
88886,3, 1,4842,1470,0.767110,0.232890,0.767110,1,abandoned
88887,3, 1,4842,1471,0.766989,0.233011,0.766989,1,abandoned
88888,3, 1,4842,1472,0.766867,0.233133,0.766867,1,abandoned
88889,3, 1,4842,1473,0.766746,0.233254,0.766746,1,abandoned
88890,3, 1,4842,1474,0.766624,0.233376,0.766624,1,abandoned
88891,3, 1,4842,1475,0.766503,0.233497,0.766503,1,abandoned
88892,3, 1,4842,1476,0.766382,0.233618,0.766382,1,abandoned
88893,3, 1,4842,1477,0.766260,0.233740,0.766260,1,abandoned
88894,3, 1,4842,1478,0.766139,0.233861,0.766139,1,abandoned
88895,3, 1,4842,1479,0.766018,0.233982,0.766018,1,abandoned
88896,3, 1,4842,1480,0.765897,0.234103,0.765897,1,abandoned
88897,3, 1,4842,1481,0.765776,0.234224,0.765776,1,abandoned
88898,3, 1,4842,1482,0.765655,0.234345,0.765655,1,abandoned
88899,3, 1,4842,1483,0.765534,0.234466,0.765534,1,abandoned
88900,3, 1,4842,1484,0.765413,0.234587,0.765413,1,abandoned
88901,3, 1,4842,1485,0.765292,0.234708,0.765292,1,abandoned
88902,3, 1,4842,1486,0.765171,0.234829,0.765171,1,abandoned
88903,3, 1,4842,1487,0.765050,0.234950,0.765050,1,abandoned
88904,3, 1,4842,1488,0.764929,0.235071,0.764929,1,abandoned
88905,3, 1,4842,1489,0.764808,0.235192,0.764808,1,abandoned
88906,3, 1,4842,1490,0.764687,0.235313,0.764687,1,abandoned
88907,3, 1,4842,1491,0.764567,0.235433,0.764567,1,abandoned
88908,3, 1,4842,1492,0.764446,0.235554,0.764446,1,abandoned
88909,3, 1,4842,1493,0.764325,0.235675,0.764325,1,abandoned
88910,3, 1,4842,1494,0.764205,0.235795,0.764205,1,abandoned
88911,3, 1,4842,1495,0.764084,0.235916,0.764084,1,abandoned
88912,3, 1,4842,1496,0.763963,0.236037,0.763963,1,abandoned
88913,3, 1,4842,1497,0.763843,0.236157,0.763843,1,abandoned
88914,3, 1,4842,1498,0.763722,0.236278,0.763722,1,abandoned
88915,3, 1,4842,1499,0.763602,0.236398,0.763602,1,abandoned
88916,3, 1,4842,1500,0.763482,0.236518,0.763482,1,abandoned
88917,3, 1,4842,1501,0.763361,0.236639,0.763361,1,abandoned
88918,3, 1,4842,1502,0.763241,0.236759,0.763241,1,abandoned
88919,3, 1,4842,1503,0.763121,0.236879,0.763121,1,abandoned
88920,3, 1,4842,1504,0.763000,0.237000,0.763000,1,abandoned
88921,3, 1,4842,1505,0.762880,0.237120,0.762880,1,abandoned
88922,3, 1,4842,1506,0.762760,0.237240,0.762760,1,abandoned
88923,3, 1,4842,1507,0.762640,0.237360,0.762640,1,abandoned
88924,3, 1,4842,1508,0.762520,0.237480,0.762520,1,abandoned
88925,3, 1,4842,1509,0.762400,0.237600,0.762400,1,abandoned
88926,3, 1,4842,1510,0.762280,0.237720,0.762280,1,abandoned
88927,3, 1,4842,1511,0.762160,0.237840,0.762160,1,abandoned
88928,3, 1,4842,1512,0.762040,0.237960,0.762040,1,abandoned
88929,3, 1,4842,1513,0.761920,0.238080,0.761920,1,abandoned
88930,3, 1,4842,1514,0.761800,0.238200,0.761800,1,abandoned
88931,3, 1,4842,1515,0.761680,0.238320,0.761680,1,abandoned
88932,3, 1,4842,1516,0.761560,0.238440,0.761560,1,abandoned
88933,3, 1,4842,1517,0.761440,0.238560,0.761440,1,abandoned
88934,3, 1,4842,1518,0.761321,0.238679,0.761321,1,abandoned
88935,3, 1,4842,1519,0.761201,0.238799,0.761201,1,abandoned
88936,3, 1,4842,1520,0.761081,0.238919,0.761081,1,abandoned
88937,3, 1,4842,1521,0.760962,0.239038,0.760962,1,abandoned
88938,3, 1,4842,1522,0.760842,0.239158,0.760842,1,abandoned
88939,3, 1,4842,1523,0.760723,0.239277,0.760723,1,abandoned
88940,3, 1,4842,1524,0.760603,0.239397,0.760603,1,abandoned
88941,3, 1,4842,1525,0.760484,0.239516,0.760484,1,abandoned
88942,3, 1,4842,1526,0.760364,0.239636,0.760364,1,abandoned
88943,3, 1,4842,1527,0.760245,0.239755,0.760245,1,abandoned
88944,3, 1,4842,1528,0.760126,0.239874,0.760126,1,abandoned
88945,3, 1,4842,1529,0.760006,0.239994,0.760006,1,abandoned
88946,3, 1,4842,1530,0.759887,0.240113,0.759887,1,abandoned
88947,3, 1,4842,1531,0.759768,0.240232,0.759768,1,abandoned
88948,3, 1,4842,1532,0.759649,0.240351,0.759649,1,abandoned
88949,3, 1,4842,1533,0.759529,0.240471,0.759529,1,abandoned
88950,3, 1,4842,1534,0.759410,0.240590,0.759410,1,abandoned
88951,3, 1,4842,1535,0.759291,0.240709,0.759291,1,abandoned
88952,3, 1,4842,1536,0.759172,0.240828,0.759172,1,abandoned
88953,3, 1,4842,1537,0.759053,0.240947,0.759053,1,abandoned
88954,3, 1,4842,1538,0.758934,0.241066,0.758934,1,abandoned
88955,3, 1,4842,1539,0.758815,0.241185,0.758815,1,abandoned
88956,3, 1,4842,1540,0.758696,0.241304,0.758696,1,abandoned
88957,3, 1,4842,1541,0.758577,0.241423,0.758577,1,abandoned
88958,3, 1,4842,1542,0.758459,0.241541,0.758459,1,abandoned
88959,3, 1,4842,1543,0.758340,0.241660,0.758340,1,abandoned
88960,3, 1,4842,1544,0.758221,0.241779,0.758221,1,abandoned
88961,3, 1,4842,1545,0.758102,0.241898,0.758102,1,abandoned
88962,3, 1,4842,1546,0.757984,0.242016,0.757984,1,abandoned
88963,3, 1,4842,1547,0.757865,0.242135,0.757865,1,abandoned
88964,3, 1,4842,1548,0.757746,0.242254,0.757746,1,abandoned
88965,3, 1,4842,1549,0.757628,0.242372,0.757628,1,abandoned
88966,3, 1,4842,1550,0.757509,0.242491,0.757509,1,abandoned
88967,3, 1,4842,1551,0.757391,0.242609,0.757391,1,abandoned
88968,3, 1,4842,1552,0.757272,0.242728,0.757272,1,abandoned
88969,3, 1,4842,1553,0.757154,0.242846,0.757154,1,abandoned
88970,3, 1,4842,1554,0.757036,0.242964,0.757036,1,abandoned
88971,3, 1,4842,1555,0.756917,0.243083,0.756917,1,abandoned
88972,3, 1,4842,1556,0.756799,0.243201,0.756799,1,abandoned
88973,3, 1,4842,1557,0.756681,0.243319,0.756681,1,abandoned
88974,3, 1,4842,1558,0.756563,0.243438,0.756563,1,abandoned
88975,3, 1,4842,1559,0.756444,0.243556,0.756444,1,abandoned
88976,3, 1,4842,1560,0.756326,0.243674,0.756326,1,abandoned
88977,3, 1,4842,1561,0.756208,0.243792,0.756208,1,abandoned
88978,3, 1,4842,1562,0.756090,0.243910,0.756090,1,abandoned
88979,3, 1,4842,1563,0.755972,0.244028,0.755972,1,abandoned
88980,3, 1,4842,1564,0.755854,0.244146,0.755854,1,abandoned
88981,3, 1,4842,1565,0.755736,0.244264,0.755736,1,abandoned
88982,3, 1,4842,1566,0.755618,0.244382,0.755618,1,abandoned
88984,3, 1,4842,1567,0.755500,0.244500,0.755500,1,abandoned
88985,3, 1,4842,1568,0.755382,0.244618,0.755382,1,abandoned
88986,3, 1,4842,1569,0.755264,0.244736,0.755264,1,abandoned
88987,3, 1,4842,1570,0.755147,0.244853,0.755147,1,abandoned
88988,3, 1,4842,1571,0.755029,0.244971,0.755029,1,abandoned
88989,3, 1,4842,1572,0.754911,0.245089,0.754911,1,abandoned
88990,3, 1,4842,1573,0.754793,0.245207,0.754793,1,abandoned
88991,3, 1,4842,1574,0.754676,0.245324,0.754676,1,abandoned
88992,3, 1,4842,1575,0.754558,0.245442,0.754558,1,abandoned
88993,3, 1,4842,1576,0.754441,0.245559,0.754441,1,abandoned
88994,3, 1,4842,1577,0.754323,0.245677,0.754323,1,abandoned
88995,3, 1,4842,1578,0.754206,0.245794,0.754206,1,abandoned
88996,3, 1,4842,1579,0.754088,0.245912,0.754088,1,abandoned
88997,3, 1,4842,1580,0.753971,0.246029,0.753971,1,abandoned
88998,3, 1,4842,1581,0.753853,0.246147,0.753853,1,abandoned
88999,3, 1,4842,1582,0.753736,0.246264,0.753736,1,abandoned
89000,3, 1,4842,1583,0.753619,0.246381,0.753619,1,abandoned
89001,3, 1,4842,1584,0.753501,0.246499,0.753501,1,abandoned
89002,3, 1,4842,1585,0.753384,0.246616,0.753384,1,abandoned
89003,3, 1,4842,1586,0.753267,0.246733,0.753267,1,abandoned
89004,3, 1,4842,1587,0.753150,0.246850,0.753150,1,abandoned
89005,3, 1,4842,1588,0.753033,0.246967,0.753033,1,abandoned
89007,3, 1,4842,1589,0.752916,0.247084,0.752916,1,abandoned
89008,3, 1,4842,1590,0.752799,0.247201,0.752799,1,abandoned
89010,3, 1,4842,1591,0.752681,0.247319,0.752681,1,abandoned
89011,3, 1,4842,1592,0.752565,0.247435,0.752565,1,abandoned
89012,3, 1,4842,1593,0.752448,0.247552,0.752448,1,abandoned
89013,3, 1,4842,1594,0.752331,0.247669,0.752331,1,abandoned
89014,3, 1,4842,1595,0.752214,0.247786,0.752214,1,abandoned
89015,3, 1,4842,1596,0.752097,0.247903,0.752097,1,abandoned
89016,3, 1,4842,1597,0.751980,0.248020,0.751980,1,abandoned
89017,3, 1,4842,1598,0.751863,0.248137,0.751863,1,abandoned
89018,3, 1,4842,1599,0.751747,0.248253,0.751747,1,abandoned
89019,3, 1,4842,1600,0.751630,0.248370,0.751630,1,abandoned
89020,3, 1,4842,1601,0.751513,0.248487,0.751513,1,abandoned
89021,3, 1,4842,1602,0.751397,0.248603,0.751397,1,abandoned
89022,3, 1,4842,1603,0.751280,0.248720,0.751280,1,abandoned
89023,3, 1,4842,1604,0.751164,0.248836,0.751164,1,abandoned
89024,3, 1,4842,1605,0.751047,0.248953,0.751047,1,abandoned
89025,3, 1,4842,1606,0.750931,0.249069,0.750931,1,abandoned
89026,3, 1,4842,1607,0.750814,0.249186,0.750814,1,abandoned
89027,3, 1,4842,1608,0.750698,0.249302,0.750698,1,abandoned
89028,3, 1,4842,1609,0.750581,0.249419,0.750581,1,abandoned
89029,3, 1,4842,1610,0.750465,0.249535,0.750465,1,abandoned
89030,3, 1,4842,1611,0.750349,0.249651,0.750349,1,abandoned
89031,3, 1,4842,1612,0.750232,0.249768,0.750232,1,abandoned
89032,3, 1,4842,1613,0.750116,0.249884,0.750116,1,abandoned
89033,3, 1,4842,1614,0.750000,0.250000,0.750000,1,abandoned
89034,3, 1,4842,1615,0.749884,0.250116,0.749884,1,abandoned
89035,3, 1,4842,1616,0.749768,0.250232,0.749768,1,abandoned
89036,3, 1,4842,1617,0.749652,0.250348,0.749652,1,abandoned
89038,3, 1,4842,1618,0.749536,0.250464,0.749536,1,abandoned
89039,3, 1,4842,1619,0.749420,0.250580,0.749420,1,abandoned
89040,3, 1,4842,1620,0.749304,0.250696,0.749304,1,abandoned
89041,3, 1,4842,1621,0.749188,0.250812,0.749188,1,abandoned
89042,3, 1,4842,1622,0.749072,0.250928,0.749072,1,abandoned
89043,3, 1,4842,1623,0.748956,0.251044,0.748956,1,abandoned
89044,3, 1,4842,1624,0.748840,0.251160,0.748840,1,abandoned
89045,3, 1,4842,1625,0.748724,0.251276,0.748724,1,abandoned
89046,3, 1,4842,1626,0.748609,0.251391,0.748609,1,abandoned
89047,3, 1,4842,1627,0.748493,0.251507,0.748493,1,abandoned
89048,3, 1,4842,1628,0.748377,0.251623,0.748377,1,abandoned
89049,3, 1,4842,1629,0.748261,0.251739,0.748261,1,abandoned
89050,3, 1,4842,1630,0.748146,0.251854,0.748146,1,abandoned
89051,3, 1,4842,1631,0.748030,0.251970,0.748030,1,abandoned
89052,3, 1,4842,1632,0.747915,0.252085,0.747915,1,abandoned
89053,3, 1,4842,1633,0.747799,0.252201,0.747799,1,abandoned
89054,3, 1,4842,1634,0.747684,0.252316,0.747684,1,abandoned
89055,3, 1,4842,1635,0.747568,0.252432,0.747568,1,abandoned
89056,3, 1,4842,1636,0.747453,0.252547,0.747453,1,abandoned
89057,3, 1,4842,1637,0.747338,0.252662,0.747338,1,abandoned
89058,3, 1,4842,1638,0.747222,0.252778,0.747222,1,abandoned
89059,3, 1,4842,1639,0.747107,0.252893,0.747107,1,abandoned
89060,3, 1,4842,1640,0.746992,0.253008,0.746992,1,abandoned
89061,3, 1,4842,1641,0.746876,0.253124,0.746876,1,abandoned
89062,3, 1,4842,1642,0.746761,0.253239,0.746761,1,abandoned
89063,3, 1,4842,1643,0.746646,0.253354,0.746646,1,abandoned
89064,3, 1,4842,1644,0.746531,0.253469,0.746531,1,abandoned
89065,3, 1,4842,1645,0.746416,0.253584,0.746416,1,abandoned
89066,3, 1,4842,1646,0.746301,0.253699,0.746301,1,abandoned
89067,3, 1,4842,1647,0.746186,0.253814,0.746186,1,abandoned
89068,3, 1,4842,1648,0.746071,0.253929,0.746071,1,abandoned
89069,3, 1,4842,1649,0.745956,0.254044,0.745956,1,abandoned
89070,3, 1,4842,1650,0.745841,0.254159,0.745841,1,abandoned
89071,3, 1,4842,1651,0.745726,0.254274,0.745726,1,abandoned
89072,3, 1,4842,1652,0.745611,0.254389,0.745611,1,abandoned
89073,3, 1,4842,1653,0.745497,0.254503,0.745497,1,abandoned
89074,3, 1,4842,1654,0.745382,0.254618,0.745382,1,abandoned
89075,3, 1,4842,1655,0.745267,0.254733,0.745267,1,abandoned
89076,3, 1,4842,1656,0.745152,0.254848,0.745152,1,abandoned
89077,3, 1,4842,1657,0.745038,0.254962,0.745038,1,abandoned
89078,3, 1,4842,1658,0.744923,0.255077,0.744923,1,abandoned
89079,3, 1,4842,1659,0.744808,0.255192,0.744808,1,abandoned
89080,3, 1,4842,1660,0.744694,0.255306,0.744694,1,abandoned
89081,3, 1,4842,1661,0.744579,0.255421,0.744579,1,abandoned
89082,3, 1,4842,1662,0.744465,0.255535,0.744465,1,abandoned
89083,3, 1,4842,1663,0.744350,0.255650,0.744350,1,abandoned
89084,3, 1,4842,1664,0.744236,0.255764,0.744236,1,abandoned
89085,3, 1,4842,1665,0.744122,0.255878,0.744122,1,abandoned
89086,3, 1,4842,1666,0.744007,0.255993,0.744007,1,abandoned
89087,3, 1,4842,1667,0.743893,0.256107,0.743893,1,abandoned
89088,3, 1,4842,1668,0.743779,0.256221,0.743779,1,abandoned
89089,3, 1,4842,1669,0.743665,0.256335,0.743665,1,abandoned
89090,3, 1,4842,1670,0.743550,0.256450,0.743550,1,abandoned
89091,3, 1,4842,1671,0.743436,0.256564,0.743436,1,abandoned
89092,3, 1,4842,1672,0.743322,0.256678,0.743322,1,abandoned
89093,3, 1,4842,1673,0.743208,0.256792,0.743208,1,abandoned
89094,3, 1,4842,1674,0.743094,0.256906,0.743094,1,abandoned
89095,3, 1,4842,1675,0.742980,0.257020,0.742980,1,abandoned
89096,3, 1,4842,1676,0.742866,0.257134,0.742866,1,abandoned
89097,3, 1,4842,1677,0.742752,0.257248,0.742752,1,abandoned
89098,3, 1,4842,1678,0.742638,0.257362,0.742638,1,abandoned
89099,3, 1,4842,1679,0.742524,0.257476,0.742524,1,abandoned
89100,3, 1,4842,1680,0.742410,0.257590,0.742410,1,abandoned
89101,3, 1,4842,1681,0.742296,0.257704,0.742296,1,abandoned
89102,3, 1,4842,1682,0.742183,0.257817,0.742183,1,abandoned
89103,3, 1,4842,1683,0.742069,0.257931,0.742069,1,abandoned
89104,3, 1,4842,1684,0.741955,0.258045,0.741955,1,abandoned
89105,3, 1,4842,1685,0.741842,0.258158,0.741842,1,abandoned
89106,3, 1,4842,1686,0.741728,0.258272,0.741728,1,abandoned
89107,3, 1,4842,1687,0.741614,0.258386,0.741614,1,abandoned
89108,3, 1,4842,1688,0.741501,0.258499,0.741501,1,abandoned
89109,3, 1,4842,1689,0.741387,0.258613,0.741387,1,abandoned
89110,3, 1,4842,1690,0.741274,0.258726,0.741274,1,abandoned
89111,3, 1,4842,1691,0.741160,0.258840,0.741160,1,abandoned
89112,3, 1,4842,1692,0.741047,0.258953,0.741047,1,abandoned
89113,3, 1,4842,1693,0.740933,0.259067,0.740933,1,abandoned
89114,3, 1,4842,1694,0.740820,0.259180,0.740820,1,abandoned
89115,3, 1,4842,1695,0.740707,0.259293,0.740707,1,abandoned
89116,3, 1,4842,1696,0.740593,0.259407,0.740593,1,abandoned
89117,3, 1,4842,1697,0.740480,0.259520,0.740480,1,abandoned
89118,3, 1,4842,1698,0.740367,0.259633,0.740367,1,abandoned
89119,3, 1,4842,1699,0.740254,0.259746,0.740254,1,abandoned
89120,3, 1,4842,1700,0.740141,0.259859,0.740141,1,abandoned
89122,3, 1,4842,1701,0.740028,0.259972,0.740028,1,abandoned
89123,3, 1,4842,1702,0.739914,0.260086,0.739914,1,abandoned
89124,3, 1,4842,1703,0.739801,0.260199,0.739801,1,abandoned
89125,3, 1,4842,1704,0.739688,0.260312,0.739688,1,abandoned
89126,3, 1,4842,1705,0.739575,0.260425,0.739575,1,abandoned
89127,3, 1,4842,1706,0.739462,0.260538,0.739462,1,abandoned
89128,3, 1,4842,1707,0.739350,0.260650,0.739350,1,abandoned
89129,3, 1,4842,1708,0.739237,0.260763,0.739237,1,abandoned
89130,3, 1,4842,1709,0.739124,0.260876,0.739124,1,abandoned
89131,3, 1,4842,1710,0.739011,0.260989,0.739011,1,abandoned
89132,3, 1,4842,1711,0.738898,0.261102,0.738898,1,abandoned
89133,3, 1,4842,1712,0.738785,0.261215,0.738785,1,abandoned
89134,3, 1,4842,1713,0.738673,0.261327,0.738673,1,abandoned
89135,3, 1,4842,1714,0.738560,0.261440,0.738560,1,abandoned
89136,3, 1,4842,1715,0.738447,0.261553,0.738447,1,abandoned
89137,3, 1,4842,1716,0.738335,0.261665,0.738335,1,abandoned
89138,3, 1,4842,1717,0.738222,0.261778,0.738222,1,abandoned
89139,3, 1,4842,1718,0.738110,0.261890,0.738110,1,abandoned
89140,3, 1,4842,1719,0.737997,0.262003,0.737997,1,abandoned
89141,3, 1,4842,1720,0.737885,0.262115,0.737885,1,abandoned
89142,3, 1,4842,1721,0.737772,0.262228,0.737772,1,abandoned
89143,3, 1,4842,1722,0.737660,0.262340,0.737660,1,abandoned
89144,3, 1,4842,1723,0.737548,0.262452,0.737548,1,abandoned
89145,3, 1,4842,1724,0.737435,0.262565,0.737435,1,abandoned
89146,3, 1,4842,1725,0.737323,0.262677,0.737323,1,abandoned
89147,3, 1,4842,1726,0.737211,0.262789,0.737211,1,abandoned
89148,3, 1,4842,1727,0.737098,0.262902,0.737098,1,abandoned
89149,3, 1,4842,1728,0.736986,0.263014,0.736986,1,abandoned
89150,3, 1,4842,1729,0.736874,0.263126,0.736874,1,abandoned
89151,3, 1,4842,1730,0.736762,0.263238,0.736762,1,abandoned
89152,3, 1,4842,1731,0.736650,0.263350,0.736650,1,abandoned
89153,3, 1,4842,1732,0.736538,0.263462,0.736538,1,abandoned
89154,3, 1,4842,1733,0.736426,0.263574,0.736426,1,abandoned
89155,3, 1,4842,1734,0.736314,0.263686,0.736314,1,abandoned
89156,3, 1,4842,1735,0.736202,0.263798,0.736202,1,abandoned
89157,3, 1,4842,1736,0.736090,0.263910,0.736090,1,abandoned
89158,3, 1,4842,1737,0.735978,0.264022,0.735978,1,abandoned
89159,3, 1,4842,1738,0.735866,0.264134,0.735866,1,abandoned
89160,3, 1,4842,1739,0.735754,0.264246,0.735754,1,abandoned
89161,3, 1,4842,1740,0.735643,0.264357,0.735643,1,abandoned
89163,3, 1,4842,1741,0.735531,0.264469,0.735531,1,abandoned
89164,3, 1,4842,1742,0.735419,0.264581,0.735419,1,abandoned
89165,3, 1,4842,1743,0.735308,0.264692,0.735308,1,abandoned
89166,3, 1,4842,1744,0.735196,0.264804,0.735196,1,abandoned
89167,3, 1,4842,1745,0.735084,0.264916,0.735084,1,abandoned
89168,3, 1,4842,1746,0.734973,0.265027,0.734973,1,abandoned
89169,3, 1,4842,1747,0.734861,0.265139,0.734861,1,abandoned
89170,3, 1,4842,1748,0.734750,0.265250,0.734750,1,abandoned
89171,3, 1,4842,1749,0.734638,0.265362,0.734638,1,abandoned
89172,3, 1,4842,1750,0.734527,0.265473,0.734527,1,abandoned
89173,3, 1,4842,1751,0.734415,0.265585,0.734415,1,abandoned
89174,3, 1,4842,1752,0.734304,0.265696,0.734304,1,abandoned
89175,3, 1,4842,1753,0.734193,0.265807,0.734193,1,abandoned
89176,3, 1,4842,1754,0.734081,0.265919,0.734081,1,abandoned
89177,3, 1,4842,1755,0.733970,0.266030,0.733970,1,abandoned
89178,3, 1,4842,1756,0.733859,0.266141,0.733859,1,abandoned
89179,3, 1,4842,1757,0.733748,0.266252,0.733748,1,abandoned
89180,3, 1,4842,1758,0.733636,0.266364,0.733636,1,abandoned
89181,3, 1,4842,1759,0.733525,0.266475,0.733525,1,abandoned
89182,3, 1,4842,1760,0.733414,0.266586,0.733414,1,abandoned
89183,3, 1,4842,1761,0.733303,0.266697,0.733303,1,abandoned
89184,3, 1,4842,1762,0.733192,0.266808,0.733192,1,abandoned
89185,3, 1,4842,1763,0.733081,0.266919,0.733081,1,abandoned
89186,3, 1,4842,1764,0.732970,0.267030,0.732970,1,abandoned
89187,3, 1,4842,1765,0.732859,0.267141,0.732859,1,abandoned
89217,3, 1,4843,1765,0.732900,0.267100,0.732900,1,merged
89282,3, 1,4844,1765,0.732940,0.267060,0.732940,-1,abandoned
89291,3, 1,4845,1765,0.732980,0.267020,0.732980,-1,abandoned
89324,3, 1,4846,1765,0.733021,0.266979,0.733021,-1,abandoned
89362,3, 1,4846,1766,0.732910,0.267090,0.732910,1,abandoned
89379,3, 1,4847,1766,0.732950,0.267050,0.732950,1,merged
89420,3, 1,4847,1767,0.732839,0.267161,0.732839,1,abandoned
89475,3, 1,4847,1768,0.732729,0.267271,0.732729,1,abandoned
89505,3, 1,4848,1768,0.732769,0.267231,0.732769,-1,abandoned
89614,3, 1,4849,1768,0.732809,0.267191,0.732809,1,merged
89655,3, 1,4850,1768,0.732850,0.267150,0.732850,1,merged
89658,3, 1,4851,1768,0.732890,0.267110,0.732890,1,merged
89702,3, 1,4851,1769,0.732779,0.267221,0.732779,1,merged
89720,3, 1,4851,1770,0.732669,0.267331,0.732669,1,abandoned
89776,7821, 1,  0,  2,0.000000,1.000000,0.000000,1,abandoned
89793,3, 1,4852,1770,0.732709,0.267291,0.732709,-1,abandoned
89812,3, 1,4852,1771,0.732599,0.267401,0.732599,1,abandoned
89900,6987, 1,  1,  0,1.000000,0.000000,1.000000,-1,abandoned
89931,3, 1,4852,1772,0.732488,0.267512,0.732488,-1,merged
89955,3, 1,4853,1772,0.732528,0.267472,0.732528,1,merged
90004,10117, 1,  0,  4,0.000000,1.000000,0.000000,1,abandoned
90225,2750, 1,  5,  1,0.833333,0.166667,0.833333,-1,abandoned
90357,3, 1,4854,1772,0.732569,0.267431,0.732569,-1,abandoned
90358,3, 1,4855,1772,0.732609,0.267391,0.732609,-1,abandoned
90379,3, 1,4856,1772,0.732649,0.267351,0.732649,1,merged
90388,3, 1,4856,1773,0.732539,0.267461,0.732539,1,merged
90422,3, 1,4857,1773,0.732579,0.267421,0.732579,1,merged
90486,3, 1,4857,1774,0.732469,0.267531,0.732469,1,abandoned
90566,3, 1,4858,1774,0.732509,0.267491,0.732509,1,merged
90610,3, 1,4859,1774,0.732549,0.267451,0.732549,1,merged
90673,3, 1,4859,1775,0.732439,0.267561,0.732439,1,abandoned
90764,5263, 1,  8,  0,1.000000,0.000000,1.000000,1,merged
90766,8369, 1,  0,  1,0.000000,1.000000,0.000000,-1,merged
90767,5263, 1,  9,  0,1.000000,0.000000,1.000000,1,merged
90816,3, 1,4859,1776,0.732329,0.267671,0.732329,1,abandoned
90847,3, 1,4859,1777,0.732218,0.267782,0.732218,1,abandoned
90848,3, 1,4859,1778,0.732108,0.267892,0.732108,1,abandoned
90851,3, 1,4859,1779,0.731998,0.268002,0.731998,1,abandoned
90881,3, 1,4859,1780,0.731887,0.268113,0.731887,1,abandoned
90884,3, 1,4859,1781,0.731777,0.268223,0.731777,1,abandoned
90888,3, 1,4860,1781,0.731817,0.268183,0.731817,1,merged
90942,3, 1,4860,1782,0.731707,0.268293,0.731707,1,abandoned
90952,3, 1,4860,1783,0.731597,0.268403,0.731597,1,abandoned
91013,3, 1,4860,1784,0.731487,0.268513,0.731487,1,abandoned
91057,3, 1,4861,1784,0.731527,0.268473,0.731527,1,merged
91068,3, 1,4862,1784,0.731568,0.268432,0.731568,1,merged
91175,3, 1,4862,1785,0.731458,0.268542,0.731458,1,abandoned
91210,3, 1,4863,1785,0.731498,0.268502,0.731498,1,merged
91217,3, 1,4863,1786,0.731388,0.268612,0.731388,1,abandoned
91262,3, 1,4864,1786,0.731429,0.268571,0.731429,1,merged
91316,3, 1,4865,1786,0.731469,0.268531,0.731469,1,merged
91361,3, 1,4866,1786,0.731509,0.268491,0.731509,1,merged
91421,3, 1,4866,1787,0.731399,0.268601,0.731399,1,abandoned
91433,3, 1,4867,1787,0.731440,0.268560,0.731440,1,merged
91449,5263, 1, 10,  0,1.000000,0.000000,1.000000,1,merged
91463,3, 1,4868,1787,0.731480,0.268520,0.731480,1,merged
91495,3, 1,4869,1787,0.731520,0.268480,0.731520,1,merged
91509,3, 1,4870,1787,0.731561,0.268439,0.731561,1,merged
91581,3, 1,4871,1787,0.731601,0.268399,0.731601,1,merged
91628,3, 1,4871,1788,0.731491,0.268509,0.731491,1,abandoned
91657,3, 1,4871,1789,0.731381,0.268619,0.731381,1,abandoned
91757,3, 1,4871,1790,0.731272,0.268728,0.731272,1,abandoned
91760,3, 1,4871,1791,0.731162,0.268838,0.731162,1,abandoned
91768,3, 1,4871,1792,0.731052,0.268948,0.731052,1,abandoned
91820,3, 1,4871,1793,0.730942,0.269058,0.730942,1,abandoned
91846,3, 1,4871,1794,0.730833,0.269167,0.730833,1,abandoned
91847,3, 1,4871,1795,0.730723,0.269277,0.730723,1,abandoned
91852,3, 1,4871,1796,0.730613,0.269387,0.730613,1,abandoned
91853,3, 1,4871,1797,0.730504,0.269496,0.730504,1,abandoned
91855,3, 1,4871,1798,0.730394,0.269606,0.730394,1,abandoned
91857,3, 1,4871,1799,0.730285,0.269715,0.730285,1,abandoned
91859,3, 1,4871,1800,0.730175,0.269825,0.730175,1,abandoned
91901,3, 1,4872,1800,0.730216,0.269784,0.730216,1,merged
91906,3, 1,4872,1801,0.730106,0.269894,0.730106,1,abandoned
91946,3, 1,4873,1801,0.730147,0.269853,0.730147,1,merged
91983,3, 1,4873,1802,0.730037,0.269963,0.730037,1,abandoned
91986,3, 1,4873,1803,0.729928,0.270072,0.729928,1,abandoned
92019,3, 1,4874,1803,0.729969,0.270031,0.729969,1,merged
92068,3, 1,4874,1804,0.729859,0.270141,0.729859,1,abandoned
92098,2472, 1,  3,  2,0.600000,0.400000,0.600000,-1,abandoned
92128,3, 1,4875,1804,0.729900,0.270100,0.729900,1,merged
92150,3, 1,4876,1804,0.729940,0.270060,0.729940,1,merged
92159,3, 1,4876,1805,0.729831,0.270169,0.729831,1,abandoned
92163,3, 1,4877,1805,0.729871,0.270129,0.729871,1,merged
92186,3, 1,4878,1805,0.729912,0.270088,0.729912,1,merged
92187,3, 1,4878,1806,0.729803,0.270197,0.729803,1,abandoned
92199,3, 1,4879,1806,0.729843,0.270157,0.729843,1,merged
92222,3, 1,4880,1806,0.729883,0.270117,0.729883,1,merged
92223,3, 1,4881,1806,0.729924,0.270076,0.729924,1,merged
92247,3, 1,4881,1807,0.729815,0.270185,0.729815,1,abandoned
92281,3, 1,4881,1808,0.729705,0.270295,0.729705,1,abandoned
92288,3, 1,4881,1809,0.729596,0.270404,0.729596,1,abandoned
92357,3, 1,4882,1809,0.729637,0.270363,0.729637,1,merged
92403,3, 1,4883,1809,0.729677,0.270323,0.729677,1,merged
92442,3, 1,4883,1810,0.729568,0.270432,0.729568,1,abandoned
92488,3, 1,4884,1810,0.729609,0.270391,0.729609,1,merged
92526,3, 1,4885,1810,0.729649,0.270351,0.729649,1,merged
92594,3, 1,4885,1811,0.729540,0.270460,0.729540,1,abandoned
92596,3, 1,4885,1812,0.729431,0.270569,0.729431,1,abandoned
92605,3, 1,4885,1813,0.729322,0.270678,0.729322,1,abandoned
92667,3, 1,4885,1814,0.729213,0.270787,0.729213,1,abandoned
92686,3, 1,4886,1814,0.729254,0.270746,0.729254,1,merged
92718,3, 1,4886,1815,0.729145,0.270855,0.729145,1,abandoned
92728,3, 1,4887,1815,0.729185,0.270815,0.729185,1,merged
92756,3, 1,4887,1816,0.729077,0.270923,0.729077,1,abandoned
92768,3, 1,4887,1817,0.728968,0.271032,0.728968,1,abandoned
92775,3, 1,4887,1818,0.728859,0.271141,0.728859,1,abandoned
92781,3, 1,4888,1818,0.728899,0.271101,0.728899,1,merged
92786,3, 1,4889,1818,0.728940,0.271060,0.728940,1,merged
92788,3, 1,4890,1818,0.728980,0.271020,0.728980,1,merged
92860,3, 1,4891,1818,0.729021,0.270979,0.729021,1,merged
92871,3, 1,4891,1819,0.728912,0.271088,0.728912,1,abandoned
92891,3, 1,4892,1819,0.728952,0.271048,0.728952,1,merged
92892,3, 1,4892,1820,0.728844,0.271156,0.728844,1,abandoned
92904,3, 1,4893,1820,0.728884,0.271116,0.728884,1,merged
92957,3, 1,4894,1820,0.728925,0.271075,0.728925,1,merged
